# -*- coding: utf-8 -*-

# Resource object code
#
# Created by: The Resource Compiler for PyQt5 (Qt v5.15.14)
#
# WARNING! All changes made in this file will be lost!

from PyQt5 import QtCore

qt_resource_data = b"\
\x00\x00\x00\x00\
\
\x00\x00\x01\x75\
\x3c\
\x73\x76\x67\x20\x78\x6d\x6c\x6e\x73\x3d\x22\x68\x74\x74\x70\x3a\
\x2f\x2f\x77\x77\x77\x2e\x77\x33\x2e\x6f\x72\x67\x2f\x32\x30\x30\
\x30\x2f\x73\x76\x67\x22\x20\x77\x69\x64\x74\x68\x3d\x22\x32\x34\
\x22\x20\x68\x65\x69\x67\x68\x74\x3d\x22\x32\x34\x22\x20\x76\x69\
\x65\x77\x42\x6f\x78\x3d\x22\x30\x20\x30\x20\x32\x34\x20\x32\x34\
\x22\x20\x66\x69\x6c\x6c\x3d\x22\x6e\x6f\x6e\x65\x22\x20\x73\x74\
\x72\x6f\x6b\x65\x3d\x22\x63\x75\x72\x72\x65\x6e\x74\x43\x6f\x6c\
\x6f\x72\x22\x20\x73\x74\x72\x6f\x6b\x65\x2d\x77\x69\x64\x74\x68\
\x3d\x22\x32\x22\x20\x73\x74\x72\x6f\x6b\x65\x2d\x6c\x69\x6e\x65\
\x63\x61\x70\x3d\x22\x72\x6f\x75\x6e\x64\x22\x20\x73\x74\x72\x6f\
\x6b\x65\x2d\x6c\x69\x6e\x65\x6a\x6f\x69\x6e\x3d\x22\x72\x6f\x75\
\x6e\x64\x22\x20\x63\x6c\x61\x73\x73\x3d\x22\x66\x65\x61\x74\x68\
\x65\x72\x20\x66\x65\x61\x74\x68\x65\x72\x2d\x70\x6c\x75\x73\x2d\
\x73\x71\x75\x61\x72\x65\x22\x3e\x3c\x72\x65\x63\x74\x20\x78\x3d\
\x22\x33\x22\x20\x79\x3d\x22\x33\x22\x20\x77\x69\x64\x74\x68\x3d\
\x22\x31\x38\x22\x20\x68\x65\x69\x67\x68\x74\x3d\x22\x31\x38\x22\
\x20\x72\x78\x3d\x22\x32\x22\x20\x72\x79\x3d\x22\x32\x22\x3e\x3c\
\x2f\x72\x65\x63\x74\x3e\x3c\x6c\x69\x6e\x65\x20\x78\x31\x3d\x22\
\x31\x32\x22\x20\x79\x31\x3d\x22\x38\x22\x20\x78\x32\x3d\x22\x31\
\x32\x22\x20\x79\x32\x3d\x22\x31\x36\x22\x3e\x3c\x2f\x6c\x69\x6e\
\x65\x3e\x3c\x6c\x69\x6e\x65\x20\x78\x31\x3d\x22\x38\x22\x20\x79\
\x31\x3d\x22\x31\x32\x22\x20\x78\x32\x3d\x22\x31\x36\x22\x20\x79\
\x32\x3d\x22\x31\x32\x22\x3e\x3c\x2f\x6c\x69\x6e\x65\x3e\x3c\x2f\
\x73\x76\x67\x3e\
\x00\x00\x01\xa0\
\x3c\
\x73\x76\x67\x20\x78\x6d\x6c\x6e\x73\x3d\x22\x68\x74\x74\x70\x3a\
\x2f\x2f\x77\x77\x77\x2e\x77\x33\x2e\x6f\x72\x67\x2f\x32\x30\x30\
\x30\x2f\x73\x76\x67\x22\x20\x77\x69\x64\x74\x68\x3d\x22\x32\x34\
\x22\x20\x68\x65\x69\x67\x68\x74\x3d\x22\x32\x34\x22\x20\x76\x69\
\x65\x77\x42\x6f\x78\x3d\x22\x30\x20\x30\x20\x32\x34\x20\x32\x34\
\x22\x20\x66\x69\x6c\x6c\x3d\x22\x6e\x6f\x6e\x65\x22\x20\x73\x74\
\x72\x6f\x6b\x65\x3d\x22\x63\x75\x72\x72\x65\x6e\x74\x43\x6f\x6c\
\x6f\x72\x22\x20\x73\x74\x72\x6f\x6b\x65\x2d\x77\x69\x64\x74\x68\
\x3d\x22\x32\x22\x20\x73\x74\x72\x6f\x6b\x65\x2d\x6c\x69\x6e\x65\
\x63\x61\x70\x3d\x22\x72\x6f\x75\x6e\x64\x22\x20\x73\x74\x72\x6f\
\x6b\x65\x2d\x6c\x69\x6e\x65\x6a\x6f\x69\x6e\x3d\x22\x72\x6f\x75\
\x6e\x64\x22\x20\x63\x6c\x61\x73\x73\x3d\x22\x66\x65\x61\x74\x68\
\x65\x72\x20\x66\x65\x61\x74\x68\x65\x72\x2d\x61\x6c\x65\x72\x74\
\x2d\x6f\x63\x74\x61\x67\x6f\x6e\x22\x3e\x3c\x70\x6f\x6c\x79\x67\
\x6f\x6e\x20\x70\x6f\x69\x6e\x74\x73\x3d\x22\x37\x2e\x38\x36\x20\
\x32\x20\x31\x36\x2e\x31\x34\x20\x32\x20\x32\x32\x20\x37\x2e\x38\
\x36\x20\x32\x32\x20\x31\x36\x2e\x31\x34\x20\x31\x36\x2e\x31\x34\
\x20\x32\x32\x20\x37\x2e\x38\x36\x20\x32\x32\x20\x32\x20\x31\x36\
\x2e\x31\x34\x20\x32\x20\x37\x2e\x38\x36\x20\x37\x2e\x38\x36\x20\
\x32\x22\x3e\x3c\x2f\x70\x6f\x6c\x79\x67\x6f\x6e\x3e\x3c\x6c\x69\
\x6e\x65\x20\x78\x31\x3d\x22\x31\x32\x22\x20\x79\x31\x3d\x22\x38\
\x22\x20\x78\x32\x3d\x22\x31\x32\x22\x20\x79\x32\x3d\x22\x31\x32\
\x22\x3e\x3c\x2f\x6c\x69\x6e\x65\x3e\x3c\x6c\x69\x6e\x65\x20\x78\
\x31\x3d\x22\x31\x32\x22\x20\x79\x31\x3d\x22\x31\x36\x22\x20\x78\
\x32\x3d\x22\x31\x32\x2e\x30\x31\x22\x20\x79\x32\x3d\x22\x31\x36\
\x22\x3e\x3c\x2f\x6c\x69\x6e\x65\x3e\x3c\x2f\x73\x76\x67\x3e\
\x00\x00\x07\xd9\
\x3c\
\x73\x76\x67\x20\x77\x69\x64\x74\x68\x3d\x22\x38\x30\x22\x20\x68\
\x65\x69\x67\x68\x74\x3d\x22\x38\x30\x22\x20\x78\x6d\x6c\x6e\x73\
\x3d\x22\x68\x74\x74\x70\x3a\x2f\x2f\x77\x77\x77\x2e\x77\x33\x2e\
\x6f\x72\x67\x2f\x32\x30\x30\x30\x2f\x73\x76\x67\x22\x20\x66\x69\
\x6c\x6c\x3d\x22\x6e\x6f\x6e\x65\x22\x3e\x0a\x20\x3c\x67\x3e\x0a\
\x20\x20\x3c\x74\x69\x74\x6c\x65\x3e\x4c\x61\x79\x65\x72\x20\x31\
\x3c\x2f\x74\x69\x74\x6c\x65\x3e\x0a\x20\x20\x3c\x70\x61\x74\x68\
\x20\x64\x3d\x22\x6d\x33\x38\x2e\x31\x34\x34\x31\x2c\x31\x35\x2e\
\x31\x36\x31\x36\x31\x63\x30\x2e\x36\x37\x31\x38\x2c\x2d\x31\x2e\
\x36\x37\x32\x39\x20\x33\x2e\x30\x34\x2c\x2d\x31\x2e\x36\x37\x32\
\x39\x20\x33\x2e\x37\x31\x31\x38\x2c\x30\x6c\x35\x2e\x39\x35\x32\
\x32\x2c\x31\x34\x2e\x38\x32\x32\x32\x63\x30\x2e\x32\x38\x36\x31\
\x2c\x30\x2e\x37\x31\x32\x34\x20\x30\x2e\x39\x35\x34\x37\x2c\x31\
\x2e\x31\x39\x38\x31\x20\x31\x2e\x37\x32\x30\x37\x2c\x31\x2e\x32\
\x35\x30\x31\x6c\x31\x35\x2e\x39\x33\x36\x2c\x31\x2e\x30\x38\x30\
\x35\x63\x31\x2e\x37\x39\x38\x37\x2c\x30\x2e\x31\x32\x32\x20\x32\
\x2e\x35\x33\x30\x35\x2c\x32\x2e\x33\x37\x34\x34\x20\x31\x2e\x31\
\x34\x37\x2c\x33\x2e\x35\x33\x30\x32\x6c\x2d\x31\x32\x2e\x32\x35\
\x37\x34\x2c\x31\x30\x2e\x32\x34\x31\x32\x63\x2d\x30\x2e\x35\x38\
\x39\x31\x2c\x30\x2e\x34\x39\x32\x32\x20\x2d\x30\x2e\x38\x34\x34\
\x35\x2c\x31\x2e\x32\x37\x38\x32\x20\x2d\x30\x2e\x36\x35\x37\x32\
\x2c\x32\x2e\x30\x32\x32\x37\x6c\x33\x2e\x38\x39\x36\x39\x2c\x31\
\x35\x2e\x34\x39\x63\x30\x2e\x34\x33\x39\x38\x2c\x31\x2e\x37\x34\
\x38\x33\x20\x2d\x31\x2e\x34\x37\x36\x32\x2c\x33\x2e\x31\x34\x30\
\x34\x20\x2d\x33\x2e\x30\x30\x33\x2c\x32\x2e\x31\x38\x31\x38\x6c\
\x2d\x31\x33\x2e\x35\x32\x37\x37\x2c\x2d\x38\x2e\x34\x39\x32\x38\
\x63\x2d\x30\x2e\x36\x35\x30\x32\x2c\x2d\x30\x2e\x34\x30\x38\x32\
\x20\x2d\x31\x2e\x34\x37\x36\x36\x2c\x2d\x30\x2e\x34\x30\x38\x32\
\x20\x2d\x32\x2e\x31\x32\x36\x38\x2c\x30\x6c\x2d\x31\x33\x2e\x35\
\x32\x37\x37\x2c\x38\x2e\x34\x39\x32\x38\x63\x2d\x31\x2e\x35\x32\
\x36\x38\x2c\x30\x2e\x39\x35\x38\x36\x20\x2d\x33\x2e\x34\x34\x32\
\x38\x2c\x2d\x30\x2e\x34\x33\x33\x35\x20\x2d\x33\x2e\x30\x30\x33\
\x2c\x2d\x32\x2e\x31\x38\x31\x38\x6c\x33\x2e\x38\x39\x36\x39\x2c\
\x2d\x31\x35\x2e\x34\x39\x63\x30\x2e\x31\x38\x37\x33\x2c\x2d\x30\
\x2e\x37\x34\x34\x35\x20\x2d\x30\x2e\x30\x36\x38\x31\x2c\x2d\x31\
\x2e\x35\x33\x30\x35\x20\x2d\x30\x2e\x36\x35\x37\x32\x2c\x2d\x32\
\x2e\x30\x32\x32\x37\x6c\x2d\x31\x32\x2e\x32\x35\x37\x34\x2c\x2d\
\x31\x30\x2e\x32\x34\x31\x32\x63\x2d\x31\x2e\x33\x38\x33\x35\x2c\
\x2d\x31\x2e\x31\x35\x35\x38\x20\x2d\x30\x2e\x36\x35\x31\x37\x2c\
\x2d\x33\x2e\x34\x30\x38\x32\x20\x31\x2e\x31\x34\x37\x2c\x2d\x33\
\x2e\x35\x33\x30\x32\x6c\x31\x35\x2e\x39\x33\x36\x2c\x2d\x31\x2e\
\x30\x38\x30\x35\x63\x30\x2e\x37\x36\x36\x2c\x2d\x30\x2e\x30\x35\
\x32\x20\x31\x2e\x34\x33\x34\x36\x2c\x2d\x30\x2e\x35\x33\x37\x37\
\x20\x31\x2e\x37\x32\x30\x37\x2c\x2d\x31\x2e\x32\x35\x30\x31\x6c\
\x35\x2e\x39\x35\x32\x32\x2c\x2d\x31\x34\x2e\x38\x32\x32\x32\x7a\
\x22\x20\x66\x69\x6c\x6c\x3d\x22\x23\x46\x32\x39\x39\x34\x41\x22\
\x20\x69\x64\x3d\x22\x73\x76\x67\x5f\x31\x22\x2f\x3e\x0a\x20\x20\
\x3c\x70\x61\x74\x68\x20\x64\x3d\x22\x6d\x33\x39\x2e\x30\x35\x31\
\x35\x2c\x32\x36\x2e\x33\x31\x30\x38\x63\x30\x2e\x33\x33\x35\x39\
\x2c\x2d\x30\x2e\x38\x33\x36\x34\x20\x31\x2e\x35\x32\x30\x31\x2c\
\x2d\x30\x2e\x38\x33\x36\x34\x20\x31\x2e\x38\x35\x36\x2c\x30\x6c\
\x32\x2e\x39\x37\x36\x2c\x37\x2e\x34\x31\x31\x31\x63\x30\x2e\x31\
\x34\x33\x31\x2c\x30\x2e\x33\x35\x36\x32\x20\x30\x2e\x34\x37\x37\
\x34\x2c\x30\x2e\x35\x39\x39\x31\x20\x30\x2e\x38\x36\x30\x34\x2c\
\x30\x2e\x36\x32\x35\x31\x6c\x37\x2e\x39\x36\x38\x2c\x30\x2e\x35\
\x34\x30\x33\x63\x30\x2e\x38\x39\x39\x33\x2c\x30\x2e\x30\x36\x30\
\x39\x20\x31\x2e\x32\x36\x35\x32\x2c\x31\x2e\x31\x38\x37\x31\x20\
\x30\x2e\x35\x37\x33\x35\x2c\x31\x2e\x37\x36\x35\x31\x6c\x2d\x36\
\x2e\x31\x32\x38\x37\x2c\x35\x2e\x31\x32\x30\x35\x63\x2d\x30\x2e\
\x32\x39\x34\x36\x2c\x30\x2e\x32\x34\x36\x32\x20\x2d\x30\x2e\x34\
\x32\x32\x33\x2c\x30\x2e\x36\x33\x39\x32\x20\x2d\x30\x2e\x33\x32\
\x38\x36\x2c\x31\x2e\x30\x31\x31\x34\x6c\x31\x2e\x39\x34\x38\x34\
\x2c\x37\x2e\x37\x34\x35\x63\x30\x2e\x32\x31\x39\x39\x2c\x30\x2e\
\x38\x37\x34\x32\x20\x2d\x30\x2e\x37\x33\x38\x31\x2c\x31\x2e\x35\
\x37\x30\x32\x20\x2d\x31\x2e\x35\x30\x31\x35\x2c\x31\x2e\x30\x39\
\x30\x39\x6c\x2d\x36\x2e\x37\x36\x33\x38\x2c\x2d\x34\x2e\x32\x34\
\x36\x34\x63\x2d\x30\x2e\x33\x32\x35\x31\x2c\x2d\x30\x2e\x32\x30\
\x34\x31\x20\x2d\x30\x2e\x37\x33\x38\x33\x2c\x2d\x30\x2e\x32\x30\
\x34\x31\x20\x2d\x31\x2e\x30\x36\x33\x34\x2c\x30\x6c\x2d\x36\x2e\
\x37\x36\x33\x38\x2c\x34\x2e\x32\x34\x36\x34\x63\x2d\x30\x2e\x37\
\x36\x33\x35\x2c\x30\x2e\x34\x37\x39\x33\x20\x2d\x31\x2e\x37\x32\
\x31\x34\x2c\x2d\x30\x2e\x32\x31\x36\x37\x20\x2d\x31\x2e\x35\x30\
\x31\x35\x2c\x2d\x31\x2e\x30\x39\x30\x39\x6c\x31\x2e\x39\x34\x38\
\x34\x2c\x2d\x37\x2e\x37\x34\x35\x63\x30\x2e\x30\x39\x33\x36\x2c\
\x2d\x30\x2e\x33\x37\x32\x32\x20\x2d\x30\x2e\x30\x33\x34\x31\x2c\
\x2d\x30\x2e\x37\x36\x35\x32\x20\x2d\x30\x2e\x33\x32\x38\x36\x2c\
\x2d\x31\x2e\x30\x31\x31\x34\x6c\x2d\x36\x2e\x31\x32\x38\x37\x2c\
\x2d\x35\x2e\x31\x32\x30\x35\x63\x2d\x30\x2e\x36\x39\x31\x38\x2c\
\x2d\x30\x2e\x35\x37\x38\x20\x2d\x30\x2e\x33\x32\x35\x38\x2c\x2d\
\x31\x2e\x37\x30\x34\x32\x20\x30\x2e\x35\x37\x33\x35\x2c\x2d\x31\
\x2e\x37\x36\x35\x31\x6c\x37\x2e\x39\x36\x38\x2c\x2d\x30\x2e\x35\
\x34\x30\x33\x63\x30\x2e\x33\x38\x33\x2c\x2d\x30\x2e\x30\x32\x36\
\x20\x30\x2e\x37\x31\x37\x33\x2c\x2d\x30\x2e\x32\x36\x38\x39\x20\
\x30\x2e\x38\x36\x30\x33\x2c\x2d\x30\x2e\x36\x32\x35\x31\x6c\x32\
\x2e\x39\x37\x36\x31\x2c\x2d\x37\x2e\x34\x31\x31\x31\x7a\x22\x20\
\x66\x69\x6c\x6c\x3d\x22\x23\x46\x32\x43\x39\x34\x43\x22\x20\x69\
\x64\x3d\x22\x73\x76\x67\x5f\x32\x22\x2f\x3e\x0a\x20\x20\x3c\x70\
\x61\x74\x68\x20\x66\x69\x6c\x6c\x3d\x22\x23\x66\x66\x30\x30\x30\
\x30\x22\x20\x64\x3d\x22\x6d\x35\x2c\x33\x39\x2e\x39\x39\x39\x39\
\x34\x6c\x30\x2c\x30\x63\x30\x2c\x2d\x31\x38\x2e\x31\x36\x32\x36\
\x38\x20\x31\x35\x2e\x36\x37\x30\x30\x35\x2c\x2d\x33\x32\x2e\x38\
\x38\x36\x35\x34\x20\x33\x34\x2e\x39\x39\x39\x39\x37\x2c\x2d\x33\
\x32\x2e\x38\x38\x36\x35\x34\x6c\x30\x2c\x30\x63\x39\x2e\x32\x38\
\x32\x37\x2c\x30\x20\x31\x38\x2e\x31\x38\x35\x31\x37\x2c\x33\x2e\
\x34\x36\x34\x38\x33\x20\x32\x34\x2e\x37\x34\x38\x37\x34\x2c\x39\
\x2e\x36\x33\x32\x32\x38\x63\x36\x2e\x35\x36\x33\x38\x33\x2c\x36\
\x2e\x31\x36\x37\x34\x35\x20\x31\x30\x2e\x32\x35\x31\x32\x39\x2c\
\x31\x34\x2e\x35\x33\x32\x33\x32\x20\x31\x30\x2e\x32\x35\x31\x32\
\x39\x2c\x32\x33\x2e\x32\x35\x34\x32\x36\x6c\x30\x2c\x30\x63\x30\
\x2c\x31\x38\x2e\x31\x36\x32\x39\x20\x2d\x31\x35\x2e\x36\x36\x39\
\x39\x34\x2c\x33\x32\x2e\x38\x38\x36\x36\x36\x20\x2d\x33\x35\x2e\
\x30\x30\x30\x30\x33\x2c\x33\x32\x2e\x38\x38\x36\x36\x36\x6c\x30\
\x2c\x30\x63\x2d\x31\x39\x2e\x33\x32\x39\x39\x32\x2c\x30\x20\x2d\
\x33\x34\x2e\x39\x39\x39\x39\x37\x2c\x2d\x31\x34\x2e\x37\x32\x33\
\x37\x36\x20\x2d\x33\x34\x2e\x39\x39\x39\x39\x37\x2c\x2d\x33\x32\
\x2e\x38\x38\x36\x36\x36\x6c\x30\x2c\x30\x7a\x6d\x35\x36\x2e\x35\
\x31\x37\x30\x33\x2c\x31\x34\x2e\x37\x31\x31\x38\x6c\x30\x2c\x30\
\x63\x37\x2e\x37\x30\x35\x38\x34\x2c\x2d\x39\x2e\x39\x35\x30\x37\
\x31\x20\x36\x2e\x35\x36\x30\x33\x39\x2c\x2d\x32\x33\x2e\x36\x39\
\x30\x33\x36\x20\x2d\x32\x2e\x37\x30\x30\x35\x37\x2c\x2d\x33\x32\
\x2e\x33\x39\x32\x63\x2d\x39\x2e\x32\x36\x30\x39\x36\x2c\x2d\x38\
\x2e\x37\x30\x31\x37\x31\x20\x2d\x32\x33\x2e\x38\x38\x33\x35\x35\
\x2c\x2d\x39\x2e\x37\x37\x38\x20\x2d\x33\x34\x2e\x34\x37\x33\x34\
\x35\x2c\x2d\x32\x2e\x35\x33\x37\x33\x38\x6c\x33\x37\x2e\x31\x37\
\x34\x30\x32\x2c\x33\x34\x2e\x39\x32\x39\x33\x38\x7a\x6d\x2d\x34\
\x33\x2e\x30\x33\x33\x39\x33\x2c\x2d\x32\x39\x2e\x34\x32\x33\x33\
\x63\x2d\x37\x2e\x37\x30\x35\x39\x2c\x39\x2e\x39\x35\x30\x36\x36\
\x20\x2d\x36\x2e\x35\x36\x30\x34\x37\x2c\x32\x33\x2e\x36\x39\x30\
\x33\x20\x32\x2e\x37\x30\x30\x34\x34\x2c\x33\x32\x2e\x33\x39\x31\
\x38\x32\x63\x39\x2e\x32\x36\x30\x38\x38\x2c\x38\x2e\x37\x30\x31\
\x37\x36\x20\x32\x33\x2e\x38\x38\x33\x34\x37\x2c\x39\x2e\x37\x37\
\x38\x30\x35\x20\x33\x34\x2e\x34\x37\x33\x33\x37\x2c\x32\x2e\x35\
\x33\x37\x35\x6c\x2d\x33\x37\x2e\x31\x37\x33\x38\x31\x2c\x2d\x33\
\x34\x2e\x39\x32\x39\x33\x32\x6c\x30\x2c\x30\x7a\x22\x20\x69\x64\
\x3d\x22\x73\x76\x67\x5f\x34\x22\x2f\x3e\x0a\x20\x3c\x2f\x67\x3e\
\x0a\x0a\x3c\x2f\x73\x76\x67\x3e\
\x00\x00\x02\x54\
\x3c\
\x3f\x78\x6d\x6c\x20\x76\x65\x72\x73\x69\x6f\x6e\x3d\x22\x31\x2e\
\x30\x22\x20\x65\x6e\x63\x6f\x64\x69\x6e\x67\x3d\x22\x55\x54\x46\
\x2d\x38\x22\x20\x73\x74\x61\x6e\x64\x61\x6c\x6f\x6e\x65\x3d\x22\
\x6e\x6f\x22\x3f\x3e\x0a\x3c\x73\x76\x67\x0a\x20\x20\x20\x78\x6d\
\x6c\x6e\x73\x3d\x22\x68\x74\x74\x70\x3a\x2f\x2f\x77\x77\x77\x2e\
\x77\x33\x2e\x6f\x72\x67\x2f\x32\x30\x30\x30\x2f\x73\x76\x67\x22\
\x0a\x20\x20\x20\x69\x64\x3d\x22\x73\x76\x67\x38\x22\x0a\x20\x20\
\x20\x76\x65\x72\x73\x69\x6f\x6e\x3d\x22\x31\x2e\x31\x22\x0a\x20\
\x20\x20\x63\x6c\x61\x73\x73\x3d\x22\x66\x65\x61\x74\x68\x65\x72\
\x20\x66\x65\x61\x74\x68\x65\x72\x2d\x61\x6c\x65\x72\x74\x2d\x6f\
\x63\x74\x61\x67\x6f\x6e\x22\x0a\x20\x20\x20\x73\x74\x72\x6f\x6b\
\x65\x2d\x6c\x69\x6e\x65\x6a\x6f\x69\x6e\x3d\x22\x72\x6f\x75\x6e\
\x64\x22\x0a\x20\x20\x20\x73\x74\x72\x6f\x6b\x65\x2d\x6c\x69\x6e\
\x65\x63\x61\x70\x3d\x22\x72\x6f\x75\x6e\x64\x22\x0a\x20\x20\x20\
\x73\x74\x72\x6f\x6b\x65\x2d\x77\x69\x64\x74\x68\x3d\x22\x32\x22\
\x0a\x20\x20\x20\x73\x74\x72\x6f\x6b\x65\x3d\x22\x63\x75\x72\x72\
\x65\x6e\x74\x43\x6f\x6c\x6f\x72\x22\x0a\x20\x20\x20\x66\x69\x6c\
\x6c\x3d\x22\x6e\x6f\x6e\x65\x22\x0a\x20\x20\x20\x76\x69\x65\x77\
\x42\x6f\x78\x3d\x22\x30\x20\x30\x20\x32\x34\x20\x32\x34\x22\x0a\
\x20\x20\x20\x68\x65\x69\x67\x68\x74\x3d\x22\x32\x34\x22\x0a\x20\
\x20\x20\x77\x69\x64\x74\x68\x3d\x22\x32\x34\x22\x3e\x0a\x20\x20\
\x3c\x70\x6f\x6c\x79\x67\x6f\x6e\x0a\x20\x20\x20\x20\x20\x73\x74\
\x79\x6c\x65\x3d\x22\x66\x69\x6c\x6c\x3a\x23\x65\x38\x37\x37\x32\
\x32\x22\x0a\x20\x20\x20\x20\x20\x69\x64\x3d\x22\x70\x6f\x6c\x79\
\x67\x6f\x6e\x32\x22\x0a\x20\x20\x20\x20\x20\x70\x6f\x69\x6e\x74\
\x73\x3d\x22\x37\x2e\x38\x36\x20\x32\x20\x31\x36\x2e\x31\x34\x20\
\x32\x20\x32\x32\x20\x37\x2e\x38\x36\x20\x32\x32\x20\x31\x36\x2e\
\x31\x34\x20\x31\x36\x2e\x31\x34\x20\x32\x32\x20\x37\x2e\x38\x36\
\x20\x32\x32\x20\x32\x20\x31\x36\x2e\x31\x34\x20\x32\x20\x37\x2e\
\x38\x36\x20\x37\x2e\x38\x36\x20\x32\x22\x20\x2f\x3e\x0a\x20\x20\
\x3c\x6c\x69\x6e\x65\x20\x69\x64\x3d\x22\x6c\x69\x6e\x65\x34\x22\
\x20\x79\x32\x3d\x22\x31\x32\x22\x20\x78\x32\x3d\x22\x31\x32\x22\
\x20\x79\x31\x3d\x22\x38\x22\x20\x78\x31\x3d\x22\x31\x32\x22\x20\
\x2f\x3e\x0a\x20\x20\x3c\x6c\x69\x6e\x65\x20\x69\x64\x3d\x22\x6c\
\x69\x6e\x65\x36\x22\x20\x79\x32\x3d\x22\x31\x36\x22\x20\x78\x32\
\x3d\x22\x31\x32\x2e\x30\x31\x22\x20\x79\x31\x3d\x22\x31\x36\x22\
\x20\x78\x31\x3d\x22\x31\x32\x22\x20\x2f\x3e\x0a\x3c\x2f\x73\x76\
\x67\x3e\x0a\
\x00\x00\x01\x6c\
\x3c\
\x73\x76\x67\x20\x78\x6d\x6c\x6e\x73\x3d\x22\x68\x74\x74\x70\x3a\
\x2f\x2f\x77\x77\x77\x2e\x77\x33\x2e\x6f\x72\x67\x2f\x32\x30\x30\
\x30\x2f\x73\x76\x67\x22\x20\x77\x69\x64\x74\x68\x3d\x22\x32\x34\
\x22\x20\x68\x65\x69\x67\x68\x74\x3d\x22\x32\x34\x22\x20\x76\x69\
\x65\x77\x42\x6f\x78\x3d\x22\x30\x20\x30\x20\x32\x34\x20\x32\x34\
\x22\x20\x66\x69\x6c\x6c\x3d\x22\x6e\x6f\x6e\x65\x22\x20\x73\x74\
\x72\x6f\x6b\x65\x3d\x22\x63\x75\x72\x72\x65\x6e\x74\x43\x6f\x6c\
\x6f\x72\x22\x20\x73\x74\x72\x6f\x6b\x65\x2d\x77\x69\x64\x74\x68\
\x3d\x22\x32\x22\x20\x73\x74\x72\x6f\x6b\x65\x2d\x6c\x69\x6e\x65\
\x63\x61\x70\x3d\x22\x72\x6f\x75\x6e\x64\x22\x20\x73\x74\x72\x6f\
\x6b\x65\x2d\x6c\x69\x6e\x65\x6a\x6f\x69\x6e\x3d\x22\x72\x6f\x75\
\x6e\x64\x22\x20\x63\x6c\x61\x73\x73\x3d\x22\x66\x65\x61\x74\x68\
\x65\x72\x20\x66\x65\x61\x74\x68\x65\x72\x2d\x73\x68\x61\x72\x65\
\x22\x3e\x3c\x70\x61\x74\x68\x20\x64\x3d\x22\x4d\x34\x20\x31\x32\
\x76\x38\x61\x32\x20\x32\x20\x30\x20\x30\x20\x30\x20\x32\x20\x32\
\x68\x31\x32\x61\x32\x20\x32\x20\x30\x20\x30\x20\x30\x20\x32\x2d\
\x32\x76\x2d\x38\x22\x3e\x3c\x2f\x70\x61\x74\x68\x3e\x3c\x70\x6f\
\x6c\x79\x6c\x69\x6e\x65\x20\x70\x6f\x69\x6e\x74\x73\x3d\x22\x31\
\x36\x20\x36\x20\x31\x32\x20\x32\x20\x38\x20\x36\x22\x3e\x3c\x2f\
\x70\x6f\x6c\x79\x6c\x69\x6e\x65\x3e\x3c\x6c\x69\x6e\x65\x20\x78\
\x31\x3d\x22\x31\x32\x22\x20\x79\x31\x3d\x22\x32\x22\x20\x78\x32\
\x3d\x22\x31\x32\x22\x20\x79\x32\x3d\x22\x31\x35\x22\x3e\x3c\x2f\
\x6c\x69\x6e\x65\x3e\x3c\x2f\x73\x76\x67\x3e\
\x00\x00\x08\xaa\
\x00\
\x00\x1f\x81\x78\x9c\xed\x59\xc9\x92\xab\xb8\x12\xfd\x15\x87\xb7\
\x15\xdd\x06\x0c\xe5\xf2\x8d\x5b\x37\x82\xd9\x60\x06\x83\x99\xa4\
\x1d\x83\x0b\x0c\x08\x3c\x60\x33\x7c\xfd\x13\x76\x95\xbb\xfa\x76\
\xbf\xc5\x5b\x3f\xe7\x06\x48\x49\xa9\xcc\x93\x99\x47\x44\xe8\xe7\
\xf9\x9a\x4e\x3a\x54\x56\xe7\xf7\x69\xd6\x34\x87\x1f\xb3\x59\xdb\
\xb6\x7f\xb6\xf3\x3f\xeb\x53\x3a\xa3\x08\x82\x98\xe1\x19\xd3\x49\
\xbb\x4f\x9a\xec\x7d\x4a\xd1\xd3\x49\xb6\xdb\xa7\x59\x73\x7f\xbf\
\xee\x77\x2d\x57\x77\xef\x53\x62\x42\x4c\x28\x7a\x32\xea\x3e\xf6\
\x65\xf9\x3e\xad\xea\x6a\x37\x9d\x9c\x9b\x53\x5d\xec\xde\xa7\xf1\
\xe5\x74\xda\x55\x0d\x5f\x97\xf5\xe9\x4b\xfb\xc7\x97\xcd\x87\xa2\
\xdc\x57\xbb\x38\x3c\xbc\x4f\x4f\xf5\xa5\x4a\xfe\xa6\xce\xeb\x7d\
\xf5\xd0\xdf\xfc\xfd\x11\x53\x87\xf0\xe1\xf4\xf8\x71\x73\x19\x85\
\xd5\xfe\x63\x77\x6e\xa6\xbf\x7e\xa2\x5d\x13\x26\x61\x13\xfe\xfa\
\x39\x8e\xfe\xf8\x1a\xf9\xc5\xb2\xac\x9f\xa2\x03\x19\xf9\x0a\x7e\
\x65\x77\x61\xe5\x35\x50\xd6\xfb\x58\x16\x59\xd1\x62\xad\x14\x2b\
\x8f\x29\x4b\xa3\xb9\x28\x80\x41\x6d\x81\x85\x15\x1c\x8c\xc7\x79\
\x60\x1c\x14\x93\x63\xe2\x93\x05\x1e\x6b\xf0\x98\xcd\x72\x3c\x56\
\xf2\x47\x56\xd8\x47\xb1\x65\x90\x31\xa2\x5f\x6f\xeb\x9c\x9a\x01\
\x03\xa0\x0d\x0a\x16\x7a\x4f\x66\x86\x0f\x48\xcd\xb1\x3a\x7d\xb0\
\x1a\xd3\xd1\x7b\x7d\x4b\x74\xba\x90\x76\x50\x16\x3b\x23\x37\x0a\
\xc3\x89\x47\x7f\x84\x92\x7a\xf8\x76\xf8\xf2\x0d\x04\xfa\xbf\xfb\
\xb6\x65\xb2\x78\x6e\x94\x71\x65\x1f\x22\x8a\x19\xc6\x45\xac\xd6\
\x8d\xfe\xed\xc7\x57\x5b\x1e\x6d\xd9\x39\x40\xcb\x9e\xe5\x70\x7c\
\xa3\xd9\x75\xcd\x9a\x6a\xd3\x89\xd4\x2d\xe6\x4b\xe8\x33\x55\x8c\
\xbc\x22\xf4\xbd\x4b\xc2\x33\x94\xde\xde\xac\x00\x6c\x7f\x08\x15\
\xc0\x64\x33\xe8\x78\xc0\x83\x1e\xc9\xd6\x73\x0d\xa8\x43\x34\xfa\
\xc9\xb5\x80\x52\xaf\xf1\xd1\x38\x60\xff\x5e\x21\xb6\x1f\xf9\x12\
\x11\xf9\x65\x03\xfc\xa4\xd4\xe6\x38\xea\xbe\xa1\x23\xbf\x3b\x62\
\xfb\x43\x22\x4b\x17\x40\x79\xaa\xbd\x4a\xcf\x3b\x99\x6c\x4d\x54\
\x1e\xa0\x70\x28\x61\x5e\x22\xbc\x4f\x06\xf7\x04\xad\x3b\x0a\x81\
\xf1\xa1\x4d\x59\x69\x00\x82\xb9\xd1\x13\xa4\x2e\x83\x56\x77\xdc\
\xce\x10\xbc\xc2\x18\xb2\x33\xf6\xf3\x0c\x82\x7b\xac\xa1\x5c\xb6\
\xe1\x8a\xcb\xb0\xee\x92\x88\x4b\x34\x3a\x45\x3f\xf2\xca\x71\x77\
\xec\x8c\x7d\x34\x57\x7e\xc7\xce\xf9\xc2\x0e\xcc\xef\xb6\xb4\x0a\
\xf4\xb7\xa8\xb9\x2c\xd7\x2b\xa3\x2e\xfa\x83\xcc\x9c\x3c\xee\xe5\
\x50\x19\x9d\x31\x18\xb6\x27\x6d\xb4\x71\x1c\x96\x37\x2c\x6b\x94\
\x3c\xd6\xa6\x47\x15\x01\xdf\x20\x42\x7f\x79\x09\x3f\x31\x8d\xe6\
\x5c\x19\x8d\x98\x56\xa3\x7f\x52\x03\x03\x1b\xe7\xc8\xcc\x42\xaa\
\xbc\xc0\xb9\x5a\x42\xb9\x2c\xa3\xca\x1e\xd2\x50\xcd\x93\x40\x3d\
\xef\x78\x72\x80\x7e\x87\x94\x5b\xee\x55\xb4\xf1\xef\x76\x40\x60\
\x0c\x30\x50\x6f\xb6\xe3\x7e\x89\x7d\xe3\x32\x0d\x7d\xb7\x61\x5d\
\x12\x5c\x3b\xa1\x2c\x0d\xa1\x94\xa6\x4a\x02\x97\xbd\x5a\xb8\xaf\
\xb3\xa2\xda\x5f\x6c\xa9\x36\xce\x89\xb3\x58\x53\x97\x99\xaf\xac\
\x05\x21\xb6\x20\x1f\xb4\x26\x69\xcf\x13\xbe\x80\x48\xca\x13\xb9\
\xbc\x46\x55\x9a\x00\x6a\xd9\x68\x48\xba\x24\x72\xd6\x63\xdf\x0f\
\xa0\x67\xf2\x48\x96\x48\x28\xbb\x97\x78\xa5\x5e\x13\x54\x16\xd0\
\xb7\x8f\xb1\x2c\xf5\xc0\x27\xcb\x44\xf6\xfa\xf8\x55\xa2\x57\x94\
\x71\x8d\x30\x8e\x38\x96\x3a\x46\xcb\x36\xf4\x75\x1c\xbb\x7a\x80\
\x38\x4e\xcd\xc7\x63\x08\xe2\xfa\xf0\xc6\xdc\x57\x89\xcf\x9c\x22\
\xb4\x9c\x47\xa8\x29\x60\x60\xe4\x31\x2a\xdb\xfb\xfe\x19\xb2\xa8\
\x2e\x4b\x7c\xbb\x54\x56\x1c\xde\xff\xb6\xa6\x50\x56\x76\x1d\x06\
\x7a\x0a\x51\x79\x86\x5b\x2e\x4b\x78\x8e\x08\x65\x37\xc5\xf9\xee\
\x12\xdf\x1b\xf0\xf7\x15\xee\xb9\x4c\x59\x79\x18\x23\x25\x05\x3e\
\x53\x28\x32\x99\xed\xb6\x5c\x0d\x02\x58\x2a\xb2\xd1\x43\x5c\x93\
\xd0\xb7\x52\x5c\x03\x69\xe4\x2f\x71\x8d\x63\xdb\xf8\x1b\xc7\x89\
\xc7\xe1\x21\xc2\xf6\x70\xec\x38\x6e\x5c\x43\x2b\xec\x7b\x60\x5c\
\x61\x65\xcf\x41\xa0\x96\x16\xae\xe3\xa8\xda\x66\x50\xc6\xf1\xf9\
\xde\xc3\x47\x9c\xcf\x73\x24\x7e\x61\x67\xa8\x11\xc2\x20\x63\x3d\
\xdc\xb8\x63\xfb\x2a\x7f\xf1\x04\x77\xe7\x89\xb1\x4f\xd2\xdf\x78\
\xc2\x36\x3e\x73\x99\x65\x31\x95\x5e\xa0\x2c\x11\x37\x9e\x79\xf4\
\x9d\x3d\xf4\xb3\x0f\x7f\x4d\x5f\x9c\xb7\x64\x41\x0d\x4a\x9d\x5f\
\x25\x7d\x5c\xcf\xde\xfb\xce\xcb\x81\xdf\x55\x10\xd7\x2a\x70\x14\
\xd2\x40\x46\x0b\x7c\xdb\x60\x7f\x17\xd9\xc6\x58\x18\xb5\xcf\xf3\
\x4b\x31\xb2\x18\xfa\xbc\x89\x1a\x98\xea\x8b\x60\xa8\xae\x6f\x29\
\xeb\x6a\x51\xf3\xb6\xa7\x08\x70\x14\x83\xba\x94\x0e\xbb\x43\x0b\
\x4a\xd9\xbe\x8c\x39\x8e\xd0\xbd\x16\x47\x4c\x23\x54\x22\x9c\x33\
\x22\x44\x1e\x0d\xa8\x8e\x8c\xa9\x31\x76\x93\xab\x91\x37\xf6\x76\
\x9f\x70\x39\x01\x51\x87\xd7\x24\x44\xc8\x15\x3b\x6e\xdc\x3b\x67\
\x1e\x3c\xa4\x52\x77\x1e\xd2\x31\x56\xbf\xf3\x10\xfb\xd9\x33\xd8\
\x6e\x16\xfa\x04\xae\xe7\x1b\xf7\xf1\x02\x35\xf6\xee\xba\x04\x94\
\x74\x86\x14\xc4\xfd\x2e\xf6\x86\x03\x0f\x78\xef\x2a\x42\x12\x81\
\xfb\xa6\xdc\x89\xbf\xf5\xcd\xf6\xb3\x47\xe6\x5e\x1f\xe5\x87\xdb\
\xbb\x99\x97\xb9\x91\xa7\x73\x88\xac\x41\xf3\x45\x12\xe6\x6e\x63\
\x08\xe2\x60\xf0\x04\xa3\x0f\x4a\xa7\x39\x62\x6b\x0a\x52\x01\x1c\
\xcc\x88\x94\x45\x1a\x5f\x7d\x56\x61\x6e\xa3\x98\x2c\x59\x79\xb8\
\x8e\x0e\x07\x9c\x6b\x02\xd7\x58\x0e\xdd\x52\xdc\xf1\x1d\x1d\x05\
\xec\x6b\xe8\x97\x85\x89\x74\xd2\x14\xbc\x3d\x70\xec\x42\x73\xd4\
\x0c\x0c\x05\xb6\xcf\x92\x23\xe7\x43\xa4\xe0\x3d\x15\x12\xe4\x98\
\xcf\x10\x66\xf9\xdc\xa5\x8d\xb9\x8a\x6b\xdf\xcb\x70\xcd\x15\x01\
\x25\x0d\x31\xe5\xf5\xf7\x5a\x32\x85\x1a\x8d\xe7\x47\x47\x6b\x81\
\x51\x46\x32\xc8\x6f\xb5\x84\xc0\xf2\xdf\xb8\x5e\xfb\x6f\xfc\x4d\
\x7d\xe5\x9c\xcd\xc8\x6a\xae\x20\xdb\x39\xbd\x6c\x77\x6b\x46\xf4\
\x53\x9c\xba\xcd\xf9\x14\x2e\x96\x20\xad\x75\xa3\xe3\x0a\xf5\x83\
\x5d\x78\xab\x84\x58\x7f\xf1\xd0\xe1\x7f\xe0\xa1\xaf\x1e\xd0\x71\
\xce\xd4\x07\x07\xa9\xb4\xf9\xca\xc7\x2b\xd1\x4e\x74\x57\x98\x15\
\x62\x63\x5d\x0f\x4b\xb2\x77\x84\xb9\x60\xda\x4c\xc5\xb5\xf3\x5d\
\x7c\x51\xe3\x6c\x6d\xa3\x3d\x18\xf3\xb4\x4a\x71\x4e\xbd\x33\xdc\
\x1b\xb7\x7a\x81\x39\xf9\x65\xff\x1b\x36\xfa\xf5\x13\x83\x5b\x6c\
\x1a\xb2\x31\x7e\xd2\x63\xcf\x82\x34\x4c\xd5\x60\x88\x37\xc2\xe7\
\x8c\x98\xb7\x5d\xbf\xf5\xad\xab\xea\x4a\xb1\x03\xde\x78\xc5\xb8\
\x9c\x12\x47\xd8\x9e\xca\xa2\x2e\x89\x7b\x9d\x91\x1f\x90\xf2\x2e\
\x38\x26\x6c\x67\xd9\x07\x23\x2f\xa3\x97\xfc\xb3\xd7\xaf\x96\xcf\
\x10\x21\xe6\xbd\x58\x2e\x73\x45\x1c\x79\x02\x73\xcc\x1c\x62\xec\
\x8d\x11\xfb\x52\xdf\xd2\xad\x96\x73\xa7\x18\xf3\x3c\x20\xbf\xe9\
\xf7\x34\xa1\xe5\xe3\x39\xc2\xd2\x0f\x1e\xe0\xb3\xaf\xff\x85\x3c\
\x6e\xff\xf1\xbf\xf0\xcf\x5a\xbb\xfd\x6f\xb0\xca\xad\xcf\x9b\xb5\
\xe8\x5b\xca\xb6\x4e\x45\x24\xf3\x12\x64\xd3\xba\xc5\x2c\x2f\xeb\
\x8a\xc2\xe5\x21\x2b\xb0\xa9\x88\xb3\x6c\xb3\x4c\xc8\xae\x17\x67\
\x85\x21\xb4\x57\x3a\x9d\xd5\xb2\x95\xba\x4b\x48\xba\x0e\x9e\xb1\
\xe6\xd2\xf4\x98\x15\xb9\xb9\xb1\x2c\x81\x1d\x38\x55\xb7\xe3\x56\
\xb2\x80\xe0\x59\xd6\x5a\x6c\x19\xee\x1b\x77\x9f\x15\x89\xe3\xad\
\x41\xbc\xe8\x7c\x2b\xb3\xa4\x2b\xb2\x9d\x5e\xfe\x1d\x0b\xcc\xe9\
\x95\x3d\x9e\x3b\xa9\x75\x3b\x83\x70\xcd\xc9\x65\x16\xad\xf4\xd4\
\x45\xcb\x2b\xe6\x64\xc1\x72\xd8\x9d\xd4\x12\xbd\x91\xb3\xb4\x2e\
\xc4\x9d\x29\x58\x03\xee\xdb\x70\xd4\x99\xc2\xa8\x03\x9d\xe9\xdc\
\x75\xba\x68\x75\xd2\xc0\x7a\x5c\x6a\x78\x1c\x5b\x3b\x42\xf1\xfd\
\x0c\x6a\x53\x57\x54\x05\x7d\x5b\xb4\x38\xf3\xa3\xbf\x82\xd8\x73\
\xdf\xfd\x4d\x1f\xe7\xc6\x37\xbf\xdc\x1b\x3f\xe0\x7c\x0e\x1c\xd4\
\x39\x5d\xe6\xfa\xa3\xbc\xd5\xe9\x25\xc6\x4a\xe6\xf9\xcf\xf7\x56\
\x5c\xb1\x84\xc2\x72\x6a\xf6\xca\xa3\xab\xe6\x72\xa9\x24\x19\x2e\
\x71\x75\xd7\xa5\xe9\x35\xe2\x6b\x92\x27\xe4\x42\x63\xb6\x97\x36\
\x20\xb4\x1d\x92\xf6\x67\x4e\x9f\x27\x45\x32\x9b\xc7\x7d\xde\x49\
\xec\xdc\xaa\x99\x2d\xfd\xfa\x11\x10\xb3\x7d\x06\x08\x0f\x2e\xd0\
\x47\xb4\x5c\x4b\x0b\x62\xde\x30\x66\xee\x0b\x9c\xaf\xb3\xf4\x88\
\x61\x22\xb4\x22\x37\x6b\x2d\x91\x6d\x95\x55\x2a\xdc\x63\x5d\x6d\
\x5d\x51\xc8\x59\x9d\x4b\xeb\x13\x97\x8a\x22\x0b\x36\x75\x90\x2a\
\x9c\xce\xde\x70\x4f\xc4\xfb\x1a\x1e\x33\x7e\xbb\x1a\x63\xb7\x89\
\x9c\xe3\xd2\x56\xaa\x59\x77\x28\x57\x7b\x4e\x91\x4c\x28\x9d\xf3\
\x17\x73\x23\x0e\x4c\xfd\x52\xe9\xab\x20\xd0\x95\x96\x4f\x81\xb2\
\xae\xa1\x32\xe4\x04\xde\x4f\x17\x60\xcb\xb6\x90\x55\x5a\x3d\xd0\
\x13\x49\xa5\xb9\x5d\xa3\x69\x1e\x58\x98\xf6\x45\x5c\x56\xf5\x31\
\x8a\x58\x68\xc2\x6a\x16\xb2\xa7\xa0\x77\x5a\x89\x85\x1f\xeb\xd3\
\x66\xe8\x24\xea\xba\xa9\x55\xe3\x83\x7c\x71\xf9\x24\x25\x03\x99\
\xcd\xb9\x36\x20\x87\x64\xe9\xcb\x47\x50\x1c\x11\x46\x46\x3a\xb6\
\xa4\xd5\x6f\xf3\x13\x39\xa8\x1f\x07\x55\x5f\xbe\x90\x27\x1c\xeb\
\x76\xa3\xe9\xe6\xc6\xcc\xd7\x97\x7d\x90\xd7\xee\xec\xe0\xba\x3b\
\x79\x69\xb7\x08\xff\x2f\x71\x19\x94\x0a\xa3\x4a\xff\x71\x4a\x3d\
\xe5\x29\x4f\x79\xca\x53\x9e\xf2\x94\xa7\x3c\xe5\x29\x4f\x79\xca\
\x53\x9e\xf2\x94\xa7\x3c\xe5\xff\x51\x36\x10\x58\x1a\xf9\x96\x46\
\x45\x1a\x96\xc7\xb5\xb5\x30\x89\xcd\x3a\x76\xc4\x5a\x29\xd1\x35\
\x6a\xce\xe8\x94\x57\xcc\xb2\xe6\x5f\xc2\x0d\xa2\x77\x06\x57\xbe\
\xee\x7d\xb0\x01\xd6\xf5\xb4\x78\xad\xd6\x3a\x57\x38\xa7\x70\x1b\
\x5e\x89\xfc\xed\x92\x3a\xdb\x0b\x8d\x68\xf9\x12\x45\xf5\xd9\x8c\
\xdf\x7f\xce\xfe\x7e\x27\xfc\x73\xf6\xd7\x6d\xf1\x69\x17\x37\x93\
\xee\x7d\x3a\x9f\x4e\xfa\xf7\x29\x49\x3e\x6e\xbf\xc9\xb7\xbf\x6e\
\xbf\x47\xf5\xa9\xbb\xdd\x5e\x9f\xfa\xf1\x81\x4d\x8c\x0b\x7f\xfd\
\x3c\x84\x4d\x36\x49\xde\xa7\xfa\x62\x42\x92\xde\x22\x64\x26\xcc\
\x64\xbc\x1e\x27\x27\xcb\x3f\x97\x7f\x90\xe3\xc4\x71\x0a\x7e\x9c\
\xaf\xe9\xaf\xff\x00\x91\xcf\x15\xcf\
\x00\x00\x08\xae\
\x00\
\x00\x1f\x82\x78\x9c\xed\x59\x59\x8f\xea\x3a\x12\xfe\x2b\x88\xd7\
\xd6\x0c\x49\x08\x74\x73\x75\xfa\x48\x76\x36\x12\xb2\x90\x00\x59\
\xfc\x96\x05\xb2\x3a\x61\x09\x64\xf9\xf5\xe3\x40\x37\xf7\xdc\x73\
\xef\x3c\xcc\xf3\x50\x12\x22\x29\xdb\xe5\xaa\xaf\xaa\x3e\x47\xf2\
\x8f\xcb\x2d\x1e\xb5\xb8\x28\x2f\x9f\xe3\xa4\xae\x8f\x7f\x4c\x26\
\x4d\xd3\xfc\xbb\x99\xfe\xbb\x3a\xc7\x13\x86\xa2\xa8\x09\x99\x31\
\x1e\x35\x69\x54\x27\x9f\x63\x86\x1d\x8f\x92\x7d\x1a\x27\xf5\xe3\
\xf9\x96\xee\x1b\x58\xb5\x9f\x63\x6a\x44\x8d\x18\x76\x34\xe8\x0e\
\x69\x51\x7c\x8e\xcb\xaa\xdc\x8f\x47\x97\xfa\x5c\xe5\xfb\xcf\x71\
\x78\x3d\x9f\xf7\x65\xcd\x55\x45\x75\xfe\xd6\xfe\xeb\xdb\xe6\x53\
\x51\xa4\xe5\x3e\xf4\x8f\x9f\xe3\x73\x75\x2d\xa3\xbf\xa8\xb3\x2a\
\x2d\x9f\xfa\xbb\xbf\x7f\x84\xcc\xd1\x7f\x3a\x3d\xbc\xdc\x5d\xc6\
\x7e\x99\x1e\xf6\x97\x7a\xfc\xf3\x07\xde\xd7\x7e\xe4\xd7\xfe\xcf\
\x1f\xc3\xe8\x1f\xdf\x23\x3f\x01\x00\x4e\x8c\x8f\x74\xe0\xc8\xe4\
\x11\xec\xfd\xd2\xae\x91\xa4\x75\xa1\x24\x00\xc1\x04\x66\x4c\x94\
\xa7\x18\xb0\x78\x2a\xf0\x5e\xaf\x34\x9e\x49\x14\x10\x85\xc3\x3c\
\x6f\x18\x14\xa2\x53\xe4\xd0\x39\x19\xab\xc9\x98\x05\x20\x47\x94\
\xdc\x09\xf0\x69\x10\x9a\x3a\x1d\x62\x76\x7e\x5f\xb7\xad\xa6\x7a\
\xa6\xe4\x9a\xa3\x4d\x75\x8e\xea\x0c\x3e\xca\xd4\xad\x95\x19\x8e\
\x56\x1b\xdb\x22\xd3\x3a\x3a\xf5\xb0\x95\x7b\x5b\x58\x78\x0e\xca\
\x0d\xde\x1b\xfc\xe1\x0b\xe6\xe9\xdb\xf1\xdb\x37\xcf\xd5\xfe\xd9\
\xb7\xcd\x2c\x09\xa7\x7a\x11\x96\xd6\x31\x60\x66\xfd\xb0\x08\xa8\
\xed\xe0\x5f\x3a\x3c\x5a\xd2\x60\xcb\xca\x3c\xbc\xe8\x00\x24\xf1\
\x0d\x66\x57\x15\x30\x94\xba\x15\x98\x7b\xcc\x57\xdf\x99\x95\x21\
\xb6\x73\xdf\xb1\xaf\x11\x37\x63\xb4\xe6\x6e\xc5\x23\xf6\x7b\x7f\
\x39\x3d\x9c\xf9\x78\xfb\x21\xb4\x6e\xff\x66\xed\x45\xf6\xf6\xb6\
\xa1\xa9\x01\x90\xc6\x63\x94\x5b\x78\xd2\x8f\xc4\xbf\x39\x22\xf6\
\x03\x47\xa4\x02\xa7\xa8\x3d\x27\x2a\xd4\xa9\xce\xa0\xae\x66\x03\
\xa7\x3d\x11\xfb\x7d\x24\x89\x57\x8f\xb1\x15\x6b\x19\x5f\xf6\x12\
\xdd\x18\xb8\x38\x22\xfe\x98\x6b\xdb\x70\x6a\x6c\xc5\x54\xef\x28\
\x46\xdf\xee\xa6\xea\xd6\x9c\xea\x92\x56\x7b\x59\xce\x68\x1c\x45\
\xe9\xcc\x8e\x46\x58\x68\x35\xf2\xf3\x18\xf1\x42\xfc\xbc\x78\xee\
\x23\x56\x5f\x2a\x1a\x7f\x09\x13\xa2\xbb\x46\xc2\x02\x0f\x4e\xb1\
\xcf\xbc\x42\xf8\xc0\x4e\x4f\x83\xa9\xfc\x3b\x76\xdb\x6f\xec\xbc\
\xe9\xc3\x96\x5a\x7a\xdd\x3d\x6a\x98\x64\x5a\xa9\x57\x91\xfe\x1e\
\xa1\x40\xd8\xb0\xda\xfb\x09\x7e\xbc\xd9\x5b\xf9\xfc\xa6\x0e\xb8\
\xa0\xe2\x8e\x65\x85\xa3\xe7\xda\xf8\xa4\x60\xcf\xd1\x29\xdf\x59\
\x5c\xfd\x2f\x4c\x83\x29\x2c\x82\x01\xd3\x72\xf0\x4f\xac\x91\x6b\
\x91\x1c\x19\x89\xcf\x14\x57\x34\x55\x0a\x24\x15\x45\x50\x5a\x7d\
\xec\x2b\x59\xe4\x2a\x97\x3d\x47\xf7\xc8\x69\xb1\x7c\xcf\xbd\x82\
\xd7\xce\xc3\x8e\xe7\xea\x3d\x72\x95\xbb\xed\xb0\x5b\x10\xdf\x60\
\xa2\xe2\x5f\x6d\x98\xd7\x28\xd3\x73\x5f\x12\x7b\x5f\x8c\xe3\xa4\
\x59\x05\xdc\xd5\xd0\xd7\x8b\xc9\x4d\x02\x66\xd7\x9f\x11\xd8\x18\
\xd9\xd5\x97\x58\xf4\xb6\x51\xe5\xdb\xb2\x99\x31\xe7\xd5\x56\x0c\
\xb9\x1c\x61\x31\x8b\xa4\xe2\x16\x94\x71\xe4\x31\x8b\x5a\xc5\xe2\
\x35\x92\x92\x8e\xf8\x7e\xf4\xba\x59\x16\x48\x22\x8d\xa4\xdd\x35\
\x5c\x2a\xb7\x08\x17\x39\x72\xac\x53\x28\x89\x9d\xe7\xd0\x45\x24\
\xd9\x5d\x38\x17\xd9\x25\xa3\xdf\x02\x82\x23\x89\xa5\x0a\xf1\xa2\
\xf1\x1d\x8d\xc4\xae\x1c\x11\x89\x53\x75\xc8\x18\x46\xa4\x3e\xec\
\x21\xf7\x65\xe4\xcc\xce\x01\x5e\x4c\x03\x5c\xe7\xc8\xd5\xb3\x10\
\x17\xcd\x63\xff\x04\x9b\x4c\x9b\x44\x8e\x55\xc8\x4b\x48\xf6\xbf\
\xaf\xc9\xe5\xa5\x55\xf9\xae\x16\x23\x5c\x5c\xd0\x06\x26\x11\x07\
\x29\x5f\xda\xc5\x24\xdf\x6d\xe4\xd8\x3d\x79\xbf\xa1\x14\x26\xf2\
\xd2\x26\x18\xc9\xb1\xe7\xcc\x72\x59\xa2\x93\xfd\x06\x56\x9e\x8b\
\x0a\x59\xd2\x3b\x44\x6a\x12\x39\x66\x4c\x6a\x20\x0e\x9c\x05\xa9\
\x71\x62\x9b\xbc\x93\x38\xc9\x38\x3a\x06\xc4\x1e\x89\x9d\xc4\x4d\
\x6a\x68\x49\x7c\x77\xf5\x1b\x2a\xad\xa9\xe7\x2a\x85\x49\xea\x38\
\x28\x37\x09\x92\x48\x7c\x8e\xfd\xf4\x91\xe4\xf3\x12\x08\xdf\xd8\
\xe9\x4a\x80\xf5\xcb\xa0\x47\xeb\xdd\xd0\xbe\xf2\x9f\x3c\x01\x1f\
\x3c\x31\xf4\x49\xfc\x1b\x4f\x58\xfa\x57\x2e\x93\x24\x64\xe2\x2b\
\x92\x44\xea\xce\x33\xdf\x7d\x07\xd4\x26\xb9\xda\xd9\x49\xd1\x75\
\x01\x16\x40\x31\x2f\xe9\x7e\x1a\x0e\xeb\xc1\xa3\xef\xec\xcc\x73\
\xda\x12\x91\x5a\xf5\xb6\x32\xad\x63\xbd\xf1\x1c\x4b\x07\xbf\x8b\
\x64\x11\x2c\xf4\xca\xe1\xb8\xa3\x95\x43\xc7\x64\x70\x4e\x45\x47\
\xda\x04\xa5\x73\xed\xc4\xcd\x76\xcf\x60\x3f\xb2\xeb\xdb\xee\x50\
\xb7\x3d\xb3\x9a\xb0\xe0\x6c\x49\xd6\x75\xc8\x71\x80\x1f\xb5\x38\
\x60\x1a\xe0\x02\x93\x9c\x51\x3e\xb6\x59\x8f\x69\xe9\x90\x19\x62\
\x37\x60\x85\xed\xa1\xb7\xbb\x08\x66\x14\xc2\x2d\x59\x13\x51\x3e\
\xcc\xf7\x70\xd8\x3b\x9b\x3d\x79\x48\x61\x1e\x3c\xa4\x11\xac\x7e\
\xe7\x21\xf0\xd5\x33\xc4\x6e\xe2\x3b\x14\xa9\xe7\x3b\xf7\x71\x3c\
\x33\xf4\xee\xaa\x18\xfa\x1e\x31\x88\xf4\xbb\xd0\xe9\x5b\x74\x24\
\x7b\x97\x01\x16\x29\xd2\x37\xc5\x5e\xf8\xad\x6f\x36\x5f\x3d\x32\
\xb5\xbb\x20\x3b\xde\x9f\x8d\x2c\x64\x34\x6c\xb6\x5e\x1f\x52\xea\
\x56\x66\x75\x46\xab\x09\xc7\xcc\xbc\x8e\x9a\x11\x2e\xee\x55\x47\
\x49\x91\x64\x25\x9a\x64\x27\x08\x9b\xac\x9e\x7e\xd9\x28\x09\xb7\
\x31\xb3\x24\x5a\xda\xa4\x8e\x8e\x47\x92\x6b\x8a\xd4\x58\x86\x76\
\x85\xb0\xe7\x5a\x36\x70\xc1\xdc\x77\x8a\xdc\xc8\x94\x44\xc3\x5a\
\x8b\x24\xaf\x21\x35\x9f\xe9\xbc\x5c\xeb\x7c\xc8\x1a\x1c\x9d\x22\
\x47\x26\xf6\x05\xc6\xeb\xa3\xd4\xdb\x0a\x33\x4d\x12\x53\x54\x2a\
\xa4\xf6\xed\x84\xd4\x5c\xee\x32\x62\x1f\x32\x76\xf7\xa8\x25\x83\
\xaf\xf0\x70\x7e\xb4\xac\xea\xea\x45\x20\x79\xd9\xbd\x96\xb0\xb7\
\xf8\x27\xae\x57\xff\x1b\x7f\x33\xcf\x9c\x2f\xc1\xf1\xb2\x62\x59\
\x6a\x32\x7d\xfb\xf0\x20\xaf\x1a\x75\x0e\xe5\xb9\x31\xab\x82\xa4\
\x9c\xc9\x97\xf4\xe3\xc0\x97\xfe\xe5\xa8\xd9\xcd\xea\x9b\x87\x8e\
\xff\x03\x0f\x7d\xf7\x80\x46\x72\xa6\x3c\x39\x68\xdd\x45\xf2\x1a\
\x08\xd5\x12\xa9\x6b\xc3\xb0\xba\xf4\x6a\x7c\x2c\x22\xff\xc8\x9f\
\xfa\x22\xf7\x05\x91\xc9\x9a\x78\x75\xb1\x26\x25\x9d\xa6\xde\x90\
\xa7\x65\x4c\x72\x6a\x5f\x50\xaa\xdf\xeb\x05\x65\xf4\xb7\xfd\x5f\
\xb0\xd1\x6e\x5f\x18\xdc\x63\x53\xb1\x45\xf0\x13\x9f\x7b\xce\x2b\
\xee\xb8\x9d\xe4\x1f\xa8\x8b\xcd\x33\xf2\x3a\xc8\x54\x5c\x7f\xd1\
\x19\x35\x92\x96\x39\xb5\x88\x16\xe1\x5a\x78\x6f\xa0\xde\x1b\x24\
\x87\xf7\x3a\xa3\x0f\x88\xb1\xaf\x24\x26\x62\x67\xd1\xb9\x03\x2f\
\xe3\xb7\xec\xab\xd7\x6f\xa6\x33\xa3\x7c\xc2\x7b\xa1\x54\x64\xb2\
\x30\xf0\x04\xe1\x98\x29\x22\xd8\xeb\x03\xf6\x85\xb6\x61\x1b\x35\
\x83\xe7\x90\xf0\xbc\x47\xff\xa2\x4f\x59\x4a\xcd\x86\x73\x04\xb0\
\x4f\x1e\xe0\x92\xef\xef\x85\x2c\x6c\xfe\xf6\xbd\xf0\xf7\x5a\xbb\
\x7f\x6f\x00\xf9\xde\xe7\xf5\x4a\x70\x4c\x79\x53\xc5\x02\x96\x38\
\x11\x81\xb8\x6a\xe2\x58\x96\x34\x59\x86\x99\x0f\x78\x10\x0b\x1c\
\x48\x2c\x30\xf3\xc1\xea\xfd\x22\xcf\x28\x75\xce\xc6\x93\x4a\x32\
\xe3\xdd\x02\xd1\xbb\x2d\x99\xb1\x82\x71\x7c\x4a\xf2\xcc\x58\x9b\
\x26\x0f\x7a\xa8\x68\x56\xd8\x88\xa6\xc7\xdb\xa6\xb9\x12\x9a\x19\
\xfc\x85\xbb\x2f\xb2\x08\x39\xb3\x17\xae\x1a\xd7\x48\x80\xde\x09\
\xa0\xd5\x8a\xbf\x62\x41\x38\xbd\xb4\x86\x73\x27\x36\xef\x67\x10\
\xa9\x39\xa9\x48\x82\xa5\x16\xef\xf0\xe2\x46\x38\x99\x37\xb7\x60\
\x2f\x36\x54\xa7\x67\x80\xd5\xf8\xb0\x35\x78\xb3\x27\x7d\xeb\x0f\
\x3a\x83\x1f\x74\x5e\x6b\x6c\x1f\x3a\x4d\x30\x5b\xb1\x07\x36\x8c\
\x75\x1b\x82\x6a\xcb\xe7\xbf\x9e\x41\x4d\xbc\x13\x14\x5e\xdb\xe4\
\x0d\xc9\xfc\xe0\x2f\x2f\x74\xf0\x57\x7f\xe3\xe7\xb9\xf1\x8b\x5f\
\xbb\x3b\x3f\x90\x7c\xf6\x10\x69\x50\x93\x60\x77\x92\x36\x1a\xbb\
\x20\x58\x49\x1c\xf7\xf5\xdc\x08\x4b\x40\xc9\x00\x2a\xc9\x9c\xc3\
\x37\x75\x07\x63\x51\xd4\x77\xd4\x6d\xb7\x2a\x0c\xbb\x16\xe6\x51\
\x16\xd1\xef\xea\x6c\x73\x6d\x5c\x4a\xdd\x63\x31\xbd\x40\x6d\x1a\
\xe5\xd1\x64\x1a\x76\x59\x2b\x82\xa9\x59\xcd\x36\xec\xfc\xe0\x52\
\x93\x34\xf1\x28\x1b\xbd\xe3\x43\xb0\x58\x89\xef\xd4\xb4\x9e\x19\
\x99\xc3\x43\x47\x03\xec\x80\x61\xc4\x37\x02\x9c\x34\xa6\x00\x1a\
\x79\x19\xf3\x8f\x58\x97\x9b\x9d\xc0\x67\x40\x83\x71\x75\x86\xb1\
\x20\x00\x6f\x5d\xb9\xb1\x0c\x35\x70\xc7\x3d\x12\x1e\x6b\x38\x0d\
\x80\x66\x39\xc4\x6e\x51\x19\x84\x71\x23\x56\x60\xd7\x17\xcb\x14\
\xca\xa2\x81\xc4\x4b\xf6\x66\xac\x85\x7e\x56\xbd\x95\xda\xd2\x75\
\x35\xb9\xe1\x62\x4f\x5e\x55\x48\xee\x33\x8a\xec\xa7\xf1\xa8\x01\
\x0d\x02\x72\xa3\xb9\x5a\x24\x2a\x2c\xdc\xd7\xaa\x6a\x7b\xef\x86\
\x75\x15\x16\x65\x75\x0a\x02\x80\x0c\x54\x4e\x7c\x70\x76\xbb\x6d\
\x23\x02\x74\x58\x9d\xd7\x7d\x2b\x32\xb7\x75\xa5\xe8\x07\xfa\x6d\
\xc7\x45\x31\xed\x4a\x20\x83\x8d\x4b\xf7\xd1\xc2\x91\x4e\x5e\x7e\
\xc2\x04\x19\xf1\xd4\xd0\x66\xb7\xc9\xce\x74\xaf\x1c\x8e\x8a\xb6\
\x78\xa3\xcf\x24\xd6\xcd\x5a\xd5\x8c\xb5\x91\xad\xae\xa9\x9b\x55\
\xbb\xc9\x71\xb7\xdb\x4b\x0b\xab\xc1\xe4\x7b\x09\x26\x48\xcc\xf5\
\x32\xfe\xdb\x29\xf5\x92\x97\xbc\xe4\x25\x2f\x79\xc9\x4b\x5e\xf2\
\x92\x97\xbc\xe4\x25\x2f\x79\xc9\x4b\x5e\xf2\x92\xff\x47\x59\x23\
\xcf\x14\x4f\xa6\x20\x30\x66\x9f\x38\x27\x46\xf1\xda\x0f\x7d\x75\
\xde\xe9\x5e\x50\xb8\x55\xc1\xcd\x8d\x44\x98\x1c\x0e\x94\x7a\x8a\
\xf0\x3e\xaf\xa3\xaa\x9f\x23\x94\x9f\xb6\x40\xc7\xec\x44\xdf\xe4\
\xb6\xaf\x6f\x9b\x37\xef\x6d\x5e\x7f\xb0\x11\x3e\xcc\xe1\xfe\x48\
\x5b\x65\x67\x5e\xe3\xcf\x1f\x93\xbf\xde\x09\xff\x98\xfc\x79\x5b\
\x7c\xde\x87\xf5\xa8\xfd\x1c\x4f\xc7\xa3\xee\x73\x4c\xd3\xcf\xdb\
\x6f\xfa\xe3\xcf\xdb\xef\x41\x7d\x6e\xef\xb7\xd7\xe7\x6e\xf8\x23\
\x26\x86\x85\x3f\x7f\x1c\xfd\x3a\x19\x45\x9f\x63\xed\x7d\x44\xd3\
\xf6\xbb\x3f\x1b\xcd\x46\xc3\xf5\x38\x3d\xa2\xc9\xdf\x8d\x1d\x66\
\x0e\x73\xc8\xdf\xe5\x16\xff\xfc\x0f\xfa\xcf\x14\x61\
\x00\x00\x01\x33\
\x3c\
\x73\x76\x67\x20\x78\x6d\x6c\x6e\x73\x3d\x22\x68\x74\x74\x70\x3a\
\x2f\x2f\x77\x77\x77\x2e\x77\x33\x2e\x6f\x72\x67\x2f\x32\x30\x30\
\x30\x2f\x73\x76\x67\x22\x20\x77\x69\x64\x74\x68\x3d\x22\x32\x34\
\x22\x20\x68\x65\x69\x67\x68\x74\x3d\x22\x32\x34\x22\x20\x76\x69\
\x65\x77\x42\x6f\x78\x3d\x22\x30\x20\x30\x20\x32\x34\x20\x32\x34\
\x22\x20\x66\x69\x6c\x6c\x3d\x22\x6e\x6f\x6e\x65\x22\x20\x73\x74\
\x72\x6f\x6b\x65\x3d\x22\x63\x75\x72\x72\x65\x6e\x74\x43\x6f\x6c\
\x6f\x72\x22\x20\x73\x74\x72\x6f\x6b\x65\x2d\x77\x69\x64\x74\x68\
\x3d\x22\x32\x22\x20\x73\x74\x72\x6f\x6b\x65\x2d\x6c\x69\x6e\x65\
\x63\x61\x70\x3d\x22\x72\x6f\x75\x6e\x64\x22\x20\x73\x74\x72\x6f\
\x6b\x65\x2d\x6c\x69\x6e\x65\x6a\x6f\x69\x6e\x3d\x22\x72\x6f\x75\
\x6e\x64\x22\x20\x63\x6c\x61\x73\x73\x3d\x22\x66\x65\x61\x74\x68\
\x65\x72\x20\x66\x65\x61\x74\x68\x65\x72\x2d\x63\x6f\x64\x65\x22\
\x3e\x3c\x70\x6f\x6c\x79\x6c\x69\x6e\x65\x20\x70\x6f\x69\x6e\x74\
\x73\x3d\x22\x31\x36\x20\x31\x38\x20\x32\x32\x20\x31\x32\x20\x31\
\x36\x20\x36\x22\x3e\x3c\x2f\x70\x6f\x6c\x79\x6c\x69\x6e\x65\x3e\
\x3c\x70\x6f\x6c\x79\x6c\x69\x6e\x65\x20\x70\x6f\x69\x6e\x74\x73\
\x3d\x22\x38\x20\x36\x20\x32\x20\x31\x32\x20\x38\x20\x31\x38\x22\
\x3e\x3c\x2f\x70\x6f\x6c\x79\x6c\x69\x6e\x65\x3e\x3c\x2f\x73\x76\
\x67\x3e\
\x00\x00\x03\xa8\
\x00\
\x00\x0c\x99\x78\x9c\xdd\x56\x4b\x6f\xe3\x36\x10\xbe\xe7\x57\x08\
\xca\xa5\x45\x23\x8a\xd4\xcb\xa2\x62\x79\x81\x36\x58\xb4\x87\x5e\
\xba\xbb\xe8\x99\x21\x69\x5b\x1b\x89\x34\x28\x3a\xb6\xf7\xd7\xef\
\x50\x0f\x5b\x76\x9c\xf4\x71\x28\xd0\x08\x36\xec\x79\x71\x66\xbe\
\xf9\x38\xf6\xfc\xc3\xbe\xa9\xbd\x67\x69\xda\x4a\xab\xd2\x27\x08\
\xfb\x9e\x54\x5c\x8b\x4a\xad\x4a\xff\xcb\xe7\x8f\x41\xee\x7b\xad\
\x65\x4a\xb0\x5a\x2b\x59\xfa\x4a\xfb\x1f\x16\x37\xf3\xf6\x79\x75\
\xe3\x79\x1e\x04\xab\xb6\x10\xbc\xf4\xd7\xd6\x6e\x8a\x30\xdc\x6c\
\x4d\x8d\xb4\x59\x85\x82\x87\xb2\x96\x8d\x54\xb6\x0d\x09\x22\xa1\
\x7f\x72\xe7\x27\x77\x6e\x24\xb3\xd5\xb3\xe4\xba\x69\xb4\x6a\xbb\
\x48\xd5\xde\x4e\x9c\x8d\x58\x1e\xbd\x77\xbb\x1d\xda\xc5\x9d\x13\
\xa1\x94\x86\x38\x0a\xa3\x28\x00\x8f\xa0\x3d\x28\xcb\xf6\xc1\x79\
\x28\xd4\x78\x2d\x34\xc2\x18\x87\x60\x3b\x79\xfe\x3d\xaf\xa2\x05\
\x54\x36\xf0\x3e\xba\x8f\x0a\xd4\xea\xad\xe1\x72\x09\x71\x12\x29\
\x69\xc3\x87\xcf\x0f\x47\x63\x80\x91\xb0\x62\x72\x4c\xa5\x9e\x5a\
\xce\x36\xf2\x2c\xeb\xa8\xec\x11\x60\x8d\x6c\x37\x8c\xcb\x36\x1c\
\xf5\x5d\xfc\x28\x14\xd3\x79\x19\x4e\xbc\x1f\x30\xa5\x19\x16\xd9\
\x12\xa7\x77\x5e\x84\x23\x1c\xe0\x24\xc0\xf4\xc7\x2e\x6a\x2c\xa4\
\x10\x9a\xbb\x93\x4b\x5f\xee\x37\x30\x50\x34\x76\x57\x89\xd2\x87\
\xef\x59\x27\x4c\x8e\x26\x9d\x82\xd7\xac\x05\x84\x96\x30\xa8\xb5\
\x34\xde\xf0\x19\x00\x45\xfa\xa2\x5a\x6b\xf4\x93\x0c\xea\x4a\xc9\
\xaf\xba\x82\x40\xa3\xb7\x4a\x5c\x9a\xa0\xec\x2b\x96\x5d\x25\xec\
\xba\xf4\xa3\x89\xae\xf4\xf9\xd6\x18\xa0\xcd\x2f\xba\xd6\xa6\x33\
\x2c\xab\xba\x76\xc4\x53\x7d\xc2\xe7\x4a\xee\x7e\xd6\xfb\xd2\xc7\
\x1e\xf6\xa2\x04\x5e\x9d\x7a\x2d\xab\xd5\xda\xc2\x61\xbd\x38\x1e\
\x9d\xf8\x0b\x10\xe7\x8d\xb4\x4c\x30\xcb\x9c\xa9\xef\x78\xd4\x90\
\xa8\xf3\x00\x1f\x20\x52\xf1\xc7\xc3\xc7\x5e\x02\x99\xf3\xe2\x4f\
\x6d\x9e\x06\x11\x1e\xe7\xc0\x1e\xf5\x16\xb2\xf8\x8b\xa3\x7a\x2e\
\x78\x01\xa3\x6f\x98\x5d\x54\x0d\x5b\x49\xc7\x9a\x9f\x60\xd4\xf3\
\xf0\x64\x38\x73\xb6\x87\x8d\x3c\x1d\xda\x1f\x6b\x64\xcf\xa1\xab\
\x17\x49\xf0\xa6\x72\x41\xe1\x27\x0b\x50\xfc\xe6\x92\xf8\x5e\x78\
\x71\x68\x65\x6b\xb9\xe8\x72\xf6\x5f\xc7\x2e\xc2\xa1\x8d\xa1\xc9\
\x70\xd2\xe5\x3c\x1c\x41\xe8\x24\x21\x97\xed\x09\x1f\x27\x11\x3c\
\xe4\x99\x1f\x49\xe4\x18\x24\xdc\x08\x06\xcf\x91\x92\xc3\xd4\x82\
\x9a\x1d\xa4\x99\xf0\x69\xe2\xb2\xab\x94\xd0\xbb\xa0\x61\xfb\xaa\
\xa9\xbe\x49\xc8\x81\x5f\x71\x39\x00\xfd\xf2\xf4\x15\x23\x4c\x9e\
\xc4\xf9\xec\xd2\xca\x5d\x50\x84\x32\x1c\xc7\xf1\x8b\xd4\x7c\xdf\
\x19\x93\x59\x7c\x25\xf2\x9b\xd6\x0d\x30\x85\xa2\x8c\xe6\xc9\x31\
\x6d\xbb\xd6\xbb\x95\x71\x48\x2c\x59\xdd\x4a\xff\x84\xcc\x11\x82\
\xfc\x95\x0a\x47\x2a\x12\x12\xbd\xe6\x32\xd0\x93\xd0\x59\x72\xe9\
\xb1\x81\xf1\xb6\x6b\x06\x5e\xe3\xcd\xb8\x30\x6a\x58\x0d\xc0\x87\
\x13\x7c\xab\x6d\x25\xa4\xd5\xb5\x34\x4c\x39\x0a\x91\xa3\x01\xea\
\xbf\xa6\xd7\x8f\x5f\x25\xb7\xd7\x2c\x8f\xda\x08\x69\x8e\x19\xc8\
\x99\x9a\xbb\x2b\x59\xfa\xb7\x59\xf7\x0c\x26\x57\xd1\x68\x58\x76\
\xcf\xc8\x99\x0d\x6c\x8a\x01\x4b\x7b\xa8\x21\x8b\xbb\xc8\x85\xbb\
\xc7\xf7\xfd\x5d\x2f\x6e\x71\xf7\xdc\x4f\xd7\x41\x11\xdd\x9f\xef\
\x8d\xa2\x5b\x1b\xf7\x17\x7b\xa6\x80\x2b\x21\xcd\xa8\xed\x84\x1a\
\x68\x65\x8b\x64\xd4\x09\x06\x28\x1a\xc3\x0e\xd3\x94\xc1\xd0\x5a\
\x31\x76\x06\xf3\xfc\xdd\x4b\x50\x84\x73\x9a\xe5\xf4\x2e\x42\x69\
\x4a\x71\x1a\x13\xef\x57\x2f\x22\x28\x4d\x28\x8d\xc8\x64\xf6\xae\
\xa7\x3c\x7d\x49\x3e\xad\xa0\x56\xab\x61\x2f\x6e\xcd\x33\xb3\x5b\
\x23\xdd\x78\xfe\xcf\x40\x10\x44\x31\xc5\x79\xf6\x26\x10\xf4\xfd\
\x03\x41\x30\x8a\x28\xc5\xd9\xec\x2d\x20\x72\xf2\x5e\x81\x98\xa1\
\x2c\x89\x93\x7c\x96\xdd\x65\x28\x89\x00\x87\x37\x61\x78\xb1\xb3\
\xdf\x1f\x0c\x24\x41\x24\xa3\x78\x16\xbf\x09\xc4\xbf\xde\x10\x7f\
\x15\x70\x79\x03\xd3\x53\x95\x8d\x07\x3f\x71\x18\xb8\x98\x02\x6b\
\x73\x84\x63\xa8\x92\x7a\x6b\x8f\xa2\x24\x23\xb3\x6c\xfc\x2d\xf9\
\x47\x50\xc3\x16\x48\xd3\x28\xff\x8f\x00\x77\x68\xcc\xdd\xff\xa7\
\xc5\xcd\x77\xd2\xf3\xe7\xb2\
\x00\x00\x03\x9b\
\x3c\
\x73\x76\x67\x20\x77\x69\x64\x74\x68\x3d\x22\x38\x30\x22\x20\x68\
\x65\x69\x67\x68\x74\x3d\x22\x38\x30\x22\x20\x76\x69\x65\x77\x42\
\x6f\x78\x3d\x22\x30\x20\x30\x20\x38\x30\x20\x38\x30\x22\x20\x66\
\x69\x6c\x6c\x3d\x22\x6e\x6f\x6e\x65\x22\x20\x78\x6d\x6c\x6e\x73\
\x3d\x22\x68\x74\x74\x70\x3a\x2f\x2f\x77\x77\x77\x2e\x77\x33\x2e\
\x6f\x72\x67\x2f\x32\x30\x30\x30\x2f\x73\x76\x67\x22\x3e\x0a\x20\
\x20\x3c\x70\x61\x74\x68\x20\x66\x69\x6c\x6c\x2d\x72\x75\x6c\x65\
\x3d\x22\x65\x76\x65\x6e\x6f\x64\x64\x22\x20\x63\x6c\x69\x70\x2d\
\x72\x75\x6c\x65\x3d\x22\x65\x76\x65\x6e\x6f\x64\x64\x22\x20\x64\
\x3d\x22\x4d\x33\x33\x2e\x39\x32\x35\x36\x20\x39\x2e\x38\x38\x36\
\x34\x37\x43\x33\x33\x2e\x31\x36\x34\x38\x20\x39\x2e\x38\x38\x36\
\x34\x37\x20\x33\x32\x2e\x34\x34\x35\x34\x20\x31\x30\x2e\x32\x33\
\x32\x39\x20\x33\x31\x2e\x39\x37\x31\x31\x20\x31\x30\x2e\x38\x32\
\x37\x37\x4c\x32\x36\x2e\x36\x35\x30\x31\x20\x31\x37\x2e\x35\x48\
\x31\x35\x43\x31\x33\x2e\x36\x31\x39\x33\x20\x31\x37\x2e\x35\x20\
\x31\x32\x2e\x35\x20\x31\x38\x2e\x36\x31\x39\x33\x20\x31\x32\x2e\
\x35\x20\x32\x30\x43\x31\x32\x2e\x35\x20\x32\x31\x2e\x33\x38\x30\
\x37\x20\x31\x33\x2e\x36\x31\x39\x33\x20\x32\x32\x2e\x35\x20\x31\
\x35\x20\x32\x32\x2e\x35\x48\x31\x36\x2e\x35\x56\x36\x34\x43\x31\
\x36\x2e\x35\x20\x36\x37\x2e\x35\x38\x39\x39\x20\x31\x39\x2e\x34\
\x31\x30\x31\x20\x37\x30\x2e\x35\x20\x32\x33\x20\x37\x30\x2e\x35\
\x48\x35\x37\x43\x36\x30\x2e\x35\x38\x39\x38\x20\x37\x30\x2e\x35\
\x20\x36\x33\x2e\x35\x20\x36\x37\x2e\x35\x38\x39\x39\x20\x36\x33\
\x2e\x35\x20\x36\x34\x56\x32\x32\x2e\x35\x48\x36\x35\x43\x36\x36\
\x2e\x33\x38\x30\x37\x20\x32\x32\x2e\x35\x20\x36\x37\x2e\x35\x20\
\x32\x31\x2e\x33\x38\x30\x37\x20\x36\x37\x2e\x35\x20\x32\x30\x43\
\x36\x37\x2e\x35\x20\x31\x38\x2e\x36\x31\x39\x33\x20\x36\x36\x2e\
\x33\x38\x30\x37\x20\x31\x37\x2e\x35\x20\x36\x35\x20\x31\x37\x2e\
\x35\x48\x35\x33\x2e\x33\x34\x39\x39\x4c\x34\x38\x2e\x30\x32\x39\
\x20\x31\x30\x2e\x38\x32\x37\x38\x43\x34\x37\x2e\x35\x35\x34\x36\
\x20\x31\x30\x2e\x32\x33\x32\x39\x20\x34\x36\x2e\x38\x33\x35\x32\
\x20\x39\x2e\x38\x38\x36\x34\x37\x20\x34\x36\x2e\x30\x37\x34\x34\
\x20\x39\x2e\x38\x38\x36\x34\x37\x48\x33\x33\x2e\x39\x32\x35\x36\
\x5a\x4d\x33\x33\x20\x32\x37\x2e\x35\x43\x33\x34\x2e\x33\x38\x30\
\x37\x20\x32\x37\x2e\x35\x20\x33\x35\x2e\x35\x20\x32\x38\x2e\x36\
\x31\x39\x33\x20\x33\x35\x2e\x35\x20\x33\x30\x56\x35\x38\x43\x33\
\x35\x2e\x35\x20\x35\x39\x2e\x33\x38\x30\x37\x20\x33\x34\x2e\x33\
\x38\x30\x37\x20\x36\x30\x2e\x35\x20\x33\x33\x20\x36\x30\x2e\x35\
\x43\x33\x31\x2e\x36\x31\x39\x33\x20\x36\x30\x2e\x35\x20\x33\x30\
\x2e\x35\x20\x35\x39\x2e\x33\x38\x30\x37\x20\x33\x30\x2e\x35\x20\
\x35\x38\x56\x33\x30\x43\x33\x30\x2e\x35\x20\x32\x38\x2e\x36\x31\
\x39\x33\x20\x33\x31\x2e\x36\x31\x39\x33\x20\x32\x37\x2e\x35\x20\
\x33\x33\x20\x32\x37\x2e\x35\x5a\x4d\x34\x39\x2e\x35\x20\x33\x30\
\x43\x34\x39\x2e\x35\x20\x32\x38\x2e\x36\x31\x39\x33\x20\x34\x38\
\x2e\x33\x38\x30\x37\x20\x32\x37\x2e\x35\x20\x34\x37\x20\x32\x37\
\x2e\x35\x43\x34\x35\x2e\x36\x31\x39\x33\x20\x32\x37\x2e\x35\x20\
\x34\x34\x2e\x35\x20\x32\x38\x2e\x36\x31\x39\x33\x20\x34\x34\x2e\
\x35\x20\x33\x30\x56\x35\x38\x43\x34\x34\x2e\x35\x20\x35\x39\x2e\
\x33\x38\x30\x37\x20\x34\x35\x2e\x36\x31\x39\x33\x20\x36\x30\x2e\
\x35\x20\x34\x37\x20\x36\x30\x2e\x35\x43\x34\x38\x2e\x33\x38\x30\
\x37\x20\x36\x30\x2e\x35\x20\x34\x39\x2e\x35\x20\x35\x39\x2e\x33\
\x38\x30\x37\x20\x34\x39\x2e\x35\x20\x35\x38\x56\x33\x30\x5a\x4d\
\x34\x36\x2e\x39\x35\x33\x36\x20\x31\x37\x2e\x34\x39\x38\x36\x4c\
\x34\x34\x2e\x38\x37\x30\x34\x20\x31\x34\x2e\x38\x38\x36\x35\x48\
\x33\x35\x2e\x31\x32\x39\x36\x4c\x33\x33\x2e\x30\x34\x36\x34\x20\
\x31\x37\x2e\x34\x39\x38\x36\x48\x34\x36\x2e\x39\x35\x33\x36\x5a\
\x22\x20\x66\x69\x6c\x6c\x3d\x22\x23\x43\x32\x43\x43\x44\x45\x22\
\x20\x2f\x3e\x0a\x3c\x2f\x73\x76\x67\x3e\
\x00\x00\x01\x88\
\x3c\
\x73\x76\x67\x20\x78\x6d\x6c\x6e\x73\x3d\x22\x68\x74\x74\x70\x3a\
\x2f\x2f\x77\x77\x77\x2e\x77\x33\x2e\x6f\x72\x67\x2f\x32\x30\x30\
\x30\x2f\x73\x76\x67\x22\x20\x77\x69\x64\x74\x68\x3d\x22\x32\x34\
\x22\x20\x68\x65\x69\x67\x68\x74\x3d\x22\x32\x34\x22\x20\x76\x69\
\x65\x77\x42\x6f\x78\x3d\x22\x30\x20\x30\x20\x32\x34\x20\x32\x34\
\x22\x20\x66\x69\x6c\x6c\x3d\x22\x6e\x6f\x6e\x65\x22\x20\x73\x74\
\x72\x6f\x6b\x65\x3d\x22\x63\x75\x72\x72\x65\x6e\x74\x43\x6f\x6c\
\x6f\x72\x22\x20\x73\x74\x72\x6f\x6b\x65\x2d\x77\x69\x64\x74\x68\
\x3d\x22\x32\x22\x20\x73\x74\x72\x6f\x6b\x65\x2d\x6c\x69\x6e\x65\
\x63\x61\x70\x3d\x22\x72\x6f\x75\x6e\x64\x22\x20\x73\x74\x72\x6f\
\x6b\x65\x2d\x6c\x69\x6e\x65\x6a\x6f\x69\x6e\x3d\x22\x72\x6f\x75\
\x6e\x64\x22\x20\x63\x6c\x61\x73\x73\x3d\x22\x66\x65\x61\x74\x68\
\x65\x72\x20\x66\x65\x61\x74\x68\x65\x72\x2d\x73\x61\x76\x65\x22\
\x3e\x3c\x70\x61\x74\x68\x20\x64\x3d\x22\x4d\x31\x39\x20\x32\x31\
\x48\x35\x61\x32\x20\x32\x20\x30\x20\x30\x20\x31\x2d\x32\x2d\x32\
\x56\x35\x61\x32\x20\x32\x20\x30\x20\x30\x20\x31\x20\x32\x2d\x32\
\x68\x31\x31\x6c\x35\x20\x35\x76\x31\x31\x61\x32\x20\x32\x20\x30\
\x20\x30\x20\x31\x2d\x32\x20\x32\x7a\x22\x3e\x3c\x2f\x70\x61\x74\
\x68\x3e\x3c\x70\x6f\x6c\x79\x6c\x69\x6e\x65\x20\x70\x6f\x69\x6e\
\x74\x73\x3d\x22\x31\x37\x20\x32\x31\x20\x31\x37\x20\x31\x33\x20\
\x37\x20\x31\x33\x20\x37\x20\x32\x31\x22\x3e\x3c\x2f\x70\x6f\x6c\
\x79\x6c\x69\x6e\x65\x3e\x3c\x70\x6f\x6c\x79\x6c\x69\x6e\x65\x20\
\x70\x6f\x69\x6e\x74\x73\x3d\x22\x37\x20\x33\x20\x37\x20\x38\x20\
\x31\x35\x20\x38\x22\x3e\x3c\x2f\x70\x6f\x6c\x79\x6c\x69\x6e\x65\
\x3e\x3c\x2f\x73\x76\x67\x3e\
\x00\x00\x01\x70\
\x3c\
\x73\x76\x67\x20\x78\x6d\x6c\x6e\x73\x3d\x22\x68\x74\x74\x70\x3a\
\x2f\x2f\x77\x77\x77\x2e\x77\x33\x2e\x6f\x72\x67\x2f\x32\x30\x30\
\x30\x2f\x73\x76\x67\x22\x20\x77\x69\x64\x74\x68\x3d\x22\x32\x34\
\x22\x20\x68\x65\x69\x67\x68\x74\x3d\x22\x32\x34\x22\x20\x76\x69\
\x65\x77\x42\x6f\x78\x3d\x22\x30\x20\x30\x20\x32\x34\x20\x32\x34\
\x22\x20\x66\x69\x6c\x6c\x3d\x22\x6e\x6f\x6e\x65\x22\x20\x73\x74\
\x72\x6f\x6b\x65\x3d\x22\x63\x75\x72\x72\x65\x6e\x74\x43\x6f\x6c\
\x6f\x72\x22\x20\x73\x74\x72\x6f\x6b\x65\x2d\x77\x69\x64\x74\x68\
\x3d\x22\x32\x22\x20\x73\x74\x72\x6f\x6b\x65\x2d\x6c\x69\x6e\x65\
\x63\x61\x70\x3d\x22\x72\x6f\x75\x6e\x64\x22\x20\x73\x74\x72\x6f\
\x6b\x65\x2d\x6c\x69\x6e\x65\x6a\x6f\x69\x6e\x3d\x22\x72\x6f\x75\
\x6e\x64\x22\x20\x63\x6c\x61\x73\x73\x3d\x22\x66\x65\x61\x74\x68\
\x65\x72\x20\x66\x65\x61\x74\x68\x65\x72\x2d\x6c\x6f\x67\x2d\x69\
\x6e\x22\x3e\x3c\x70\x61\x74\x68\x20\x64\x3d\x22\x4d\x31\x35\x20\
\x33\x68\x34\x61\x32\x20\x32\x20\x30\x20\x30\x20\x31\x20\x32\x20\
\x32\x76\x31\x34\x61\x32\x20\x32\x20\x30\x20\x30\x20\x31\x2d\x32\
\x20\x32\x68\x2d\x34\x22\x3e\x3c\x2f\x70\x61\x74\x68\x3e\x3c\x70\
\x6f\x6c\x79\x6c\x69\x6e\x65\x20\x70\x6f\x69\x6e\x74\x73\x3d\x22\
\x31\x30\x20\x31\x37\x20\x31\x35\x20\x31\x32\x20\x31\x30\x20\x37\
\x22\x3e\x3c\x2f\x70\x6f\x6c\x79\x6c\x69\x6e\x65\x3e\x3c\x6c\x69\
\x6e\x65\x20\x78\x31\x3d\x22\x31\x35\x22\x20\x79\x31\x3d\x22\x31\
\x32\x22\x20\x78\x32\x3d\x22\x33\x22\x20\x79\x32\x3d\x22\x31\x32\
\x22\x3e\x3c\x2f\x6c\x69\x6e\x65\x3e\x3c\x2f\x73\x76\x67\x3e\
\x00\x00\x05\x75\
\x3c\
\x3f\x78\x6d\x6c\x20\x76\x65\x72\x73\x69\x6f\x6e\x3d\x22\x31\x2e\
\x30\x22\x20\x65\x6e\x63\x6f\x64\x69\x6e\x67\x3d\x22\x55\x54\x46\
\x2d\x38\x22\x20\x73\x74\x61\x6e\x64\x61\x6c\x6f\x6e\x65\x3d\x22\
\x6e\x6f\x22\x3f\x3e\x0a\x3c\x73\x76\x67\x0a\x20\x20\x20\x78\x6d\
\x6c\x6e\x73\x3a\x64\x63\x3d\x22\x68\x74\x74\x70\x3a\x2f\x2f\x70\
\x75\x72\x6c\x2e\x6f\x72\x67\x2f\x64\x63\x2f\x65\x6c\x65\x6d\x65\
\x6e\x74\x73\x2f\x31\x2e\x31\x2f\x22\x0a\x20\x20\x20\x78\x6d\x6c\
\x6e\x73\x3a\x63\x63\x3d\x22\x68\x74\x74\x70\x3a\x2f\x2f\x63\x72\
\x65\x61\x74\x69\x76\x65\x63\x6f\x6d\x6d\x6f\x6e\x73\x2e\x6f\x72\
\x67\x2f\x6e\x73\x23\x22\x0a\x20\x20\x20\x78\x6d\x6c\x6e\x73\x3a\
\x72\x64\x66\x3d\x22\x68\x74\x74\x70\x3a\x2f\x2f\x77\x77\x77\x2e\
\x77\x33\x2e\x6f\x72\x67\x2f\x31\x39\x39\x39\x2f\x30\x32\x2f\x32\
\x32\x2d\x72\x64\x66\x2d\x73\x79\x6e\x74\x61\x78\x2d\x6e\x73\x23\
\x22\x0a\x20\x20\x20\x78\x6d\x6c\x6e\x73\x3a\x73\x76\x67\x3d\x22\
\x68\x74\x74\x70\x3a\x2f\x2f\x77\x77\x77\x2e\x77\x33\x2e\x6f\x72\
\x67\x2f\x32\x30\x30\x30\x2f\x73\x76\x67\x22\x0a\x20\x20\x20\x78\
\x6d\x6c\x6e\x73\x3d\x22\x68\x74\x74\x70\x3a\x2f\x2f\x77\x77\x77\
\x2e\x77\x33\x2e\x6f\x72\x67\x2f\x32\x30\x30\x30\x2f\x73\x76\x67\
\x22\x0a\x20\x20\x20\x78\x6d\x6c\x6e\x73\x3a\x73\x6f\x64\x69\x70\
\x6f\x64\x69\x3d\x22\x68\x74\x74\x70\x3a\x2f\x2f\x73\x6f\x64\x69\
\x70\x6f\x64\x69\x2e\x73\x6f\x75\x72\x63\x65\x66\x6f\x72\x67\x65\
\x2e\x6e\x65\x74\x2f\x44\x54\x44\x2f\x73\x6f\x64\x69\x70\x6f\x64\
\x69\x2d\x30\x2e\x30\x2e\x64\x74\x64\x22\x0a\x20\x20\x20\x78\x6d\
\x6c\x6e\x73\x3a\x69\x6e\x6b\x73\x63\x61\x70\x65\x3d\x22\x68\x74\
\x74\x70\x3a\x2f\x2f\x77\x77\x77\x2e\x69\x6e\x6b\x73\x63\x61\x70\
\x65\x2e\x6f\x72\x67\x2f\x6e\x61\x6d\x65\x73\x70\x61\x63\x65\x73\
\x2f\x69\x6e\x6b\x73\x63\x61\x70\x65\x22\x0a\x20\x20\x20\x69\x6e\
\x6b\x73\x63\x61\x70\x65\x3a\x76\x65\x72\x73\x69\x6f\x6e\x3d\x22\
\x31\x2e\x30\x72\x63\x31\x20\x28\x30\x39\x39\x36\x30\x64\x36\x66\
\x30\x35\x2c\x20\x32\x30\x32\x30\x2d\x30\x34\x2d\x30\x39\x29\x22\
\x0a\x20\x20\x20\x73\x6f\x64\x69\x70\x6f\x64\x69\x3a\x64\x6f\x63\
\x6e\x61\x6d\x65\x3d\x22\x61\x6c\x65\x72\x74\x2d\x6f\x63\x74\x61\
\x67\x6f\x6e\x2d\x79\x65\x6c\x6c\x6f\x77\x2e\x73\x76\x67\x22\x0a\
\x20\x20\x20\x69\x64\x3d\x22\x73\x76\x67\x38\x22\x0a\x20\x20\x20\
\x76\x65\x72\x73\x69\x6f\x6e\x3d\x22\x31\x2e\x31\x22\x0a\x20\x20\
\x20\x63\x6c\x61\x73\x73\x3d\x22\x66\x65\x61\x74\x68\x65\x72\x20\
\x66\x65\x61\x74\x68\x65\x72\x2d\x61\x6c\x65\x72\x74\x2d\x6f\x63\
\x74\x61\x67\x6f\x6e\x22\x0a\x20\x20\x20\x73\x74\x72\x6f\x6b\x65\
\x2d\x6c\x69\x6e\x65\x6a\x6f\x69\x6e\x3d\x22\x72\x6f\x75\x6e\x64\
\x22\x0a\x20\x20\x20\x73\x74\x72\x6f\x6b\x65\x2d\x6c\x69\x6e\x65\
\x63\x61\x70\x3d\x22\x72\x6f\x75\x6e\x64\x22\x0a\x20\x20\x20\x73\
\x74\x72\x6f\x6b\x65\x2d\x77\x69\x64\x74\x68\x3d\x22\x32\x22\x0a\
\x20\x20\x20\x73\x74\x72\x6f\x6b\x65\x3d\x22\x63\x75\x72\x72\x65\
\x6e\x74\x43\x6f\x6c\x6f\x72\x22\x0a\x20\x20\x20\x66\x69\x6c\x6c\
\x3d\x22\x6e\x6f\x6e\x65\x22\x0a\x20\x20\x20\x76\x69\x65\x77\x42\
\x6f\x78\x3d\x22\x30\x20\x30\x20\x32\x34\x20\x32\x34\x22\x0a\x20\
\x20\x20\x68\x65\x69\x67\x68\x74\x3d\x22\x32\x34\x22\x0a\x20\x20\
\x20\x77\x69\x64\x74\x68\x3d\x22\x32\x34\x22\x3e\x0a\x20\x20\x3c\
\x6d\x65\x74\x61\x64\x61\x74\x61\x0a\x20\x20\x20\x20\x20\x69\x64\
\x3d\x22\x6d\x65\x74\x61\x64\x61\x74\x61\x31\x34\x22\x3e\x0a\x20\
\x20\x20\x20\x3c\x72\x64\x66\x3a\x52\x44\x46\x3e\x0a\x20\x20\x20\
\x20\x20\x20\x3c\x63\x63\x3a\x57\x6f\x72\x6b\x0a\x20\x20\x20\x20\
\x20\x20\x20\x20\x20\x72\x64\x66\x3a\x61\x62\x6f\x75\x74\x3d\x22\
\x22\x3e\x0a\x20\x20\x20\x20\x20\x20\x20\x20\x3c\x64\x63\x3a\x66\
\x6f\x72\x6d\x61\x74\x3e\x69\x6d\x61\x67\x65\x2f\x73\x76\x67\x2b\
\x78\x6d\x6c\x3c\x2f\x64\x63\x3a\x66\x6f\x72\x6d\x61\x74\x3e\x0a\
\x20\x20\x20\x20\x20\x20\x20\x20\x3c\x64\x63\x3a\x74\x79\x70\x65\
\x0a\x20\x20\x20\x20\x20\x20\x20\x20\x20\x20\x20\x72\x64\x66\x3a\
\x72\x65\x73\x6f\x75\x72\x63\x65\x3d\x22\x68\x74\x74\x70\x3a\x2f\
\x2f\x70\x75\x72\x6c\x2e\x6f\x72\x67\x2f\x64\x63\x2f\x64\x63\x6d\
\x69\x74\x79\x70\x65\x2f\x53\x74\x69\x6c\x6c\x49\x6d\x61\x67\x65\
\x22\x20\x2f\x3e\x0a\x20\x20\x20\x20\x20\x20\x20\x20\x3c\x64\x63\
\x3a\x74\x69\x74\x6c\x65\x3e\x3c\x2f\x64\x63\x3a\x74\x69\x74\x6c\
\x65\x3e\x0a\x20\x20\x20\x20\x20\x20\x3c\x2f\x63\x63\x3a\x57\x6f\
\x72\x6b\x3e\x0a\x20\x20\x20\x20\x3c\x2f\x72\x64\x66\x3a\x52\x44\
\x46\x3e\x0a\x20\x20\x3c\x2f\x6d\x65\x74\x61\x64\x61\x74\x61\x3e\
\x0a\x20\x20\x3c\x64\x65\x66\x73\x0a\x20\x20\x20\x20\x20\x69\x64\
\x3d\x22\x64\x65\x66\x73\x31\x32\x22\x20\x2f\x3e\x0a\x20\x20\x3c\
\x70\x6f\x6c\x79\x67\x6f\x6e\x0a\x20\x20\x20\x20\x20\x73\x74\x79\
\x6c\x65\x3d\x22\x66\x69\x6c\x6c\x3a\x23\x46\x46\x44\x37\x30\x30\
\x22\x0a\x20\x20\x20\x20\x20\x69\x64\x3d\x22\x70\x6f\x6c\x79\x67\
\x6f\x6e\x32\x22\x0a\x20\x20\x20\x20\x20\x70\x6f\x69\x6e\x74\x73\
\x3d\x22\x37\x2e\x38\x36\x20\x32\x20\x31\x36\x2e\x31\x34\x20\x32\
\x20\x32\x32\x20\x37\x2e\x38\x36\x20\x32\x32\x20\x31\x36\x2e\x31\
\x34\x20\x31\x36\x2e\x31\x34\x20\x32\x32\x20\x37\x2e\x38\x36\x20\
\x32\x32\x20\x32\x20\x31\x36\x2e\x31\x34\x20\x32\x20\x37\x2e\x38\
\x36\x20\x37\x2e\x38\x36\x20\x32\x22\x20\x2f\x3e\x0a\x20\x20\x3c\
\x6c\x69\x6e\x65\x0a\x20\x20\x20\x20\x20\x69\x64\x3d\x22\x6c\x69\
\x6e\x65\x34\x22\x0a\x20\x20\x20\x20\x20\x79\x32\x3d\x22\x31\x32\
\x22\x0a\x20\x20\x20\x20\x20\x78\x32\x3d\x22\x31\x32\x22\x0a\x20\
\x20\x20\x20\x20\x79\x31\x3d\x22\x38\x22\x0a\x20\x20\x20\x20\x20\
\x78\x31\x3d\x22\x31\x32\x22\x20\x2f\x3e\x0a\x20\x20\x3c\x6c\x69\
\x6e\x65\x0a\x20\x20\x20\x20\x20\x69\x64\x3d\x22\x6c\x69\x6e\x65\
\x36\x22\x0a\x20\x20\x20\x20\x20\x79\x32\x3d\x22\x31\x36\x22\x0a\
\x20\x20\x20\x20\x20\x78\x32\x3d\x22\x31\x32\x2e\x30\x31\x22\x0a\
\x20\x20\x20\x20\x20\x79\x31\x3d\x22\x31\x36\x22\x0a\x20\x20\x20\
\x20\x20\x78\x31\x3d\x22\x31\x32\x22\x20\x2f\x3e\x0a\x3c\x2f\x73\
\x76\x67\x3e\x0a\
\x00\x00\x05\xba\
\x3c\
\x73\x76\x67\x20\x77\x69\x64\x74\x68\x3d\x22\x38\x30\x22\x20\x68\
\x65\x69\x67\x68\x74\x3d\x22\x38\x30\x22\x20\x76\x69\x65\x77\x42\
\x6f\x78\x3d\x22\x30\x20\x30\x20\x38\x30\x20\x38\x30\x22\x20\x66\
\x69\x6c\x6c\x3d\x22\x6e\x6f\x6e\x65\x22\x20\x78\x6d\x6c\x6e\x73\
\x3d\x22\x68\x74\x74\x70\x3a\x2f\x2f\x77\x77\x77\x2e\x77\x33\x2e\
\x6f\x72\x67\x2f\x32\x30\x30\x30\x2f\x73\x76\x67\x22\x3e\x0a\x20\
\x20\x3c\x70\x61\x74\x68\x20\x64\x3d\x22\x4d\x33\x38\x2e\x31\x34\
\x34\x31\x20\x31\x32\x2e\x36\x32\x31\x37\x43\x33\x38\x2e\x38\x31\
\x35\x39\x20\x31\x30\x2e\x39\x34\x38\x38\x20\x34\x31\x2e\x31\x38\
\x34\x31\x20\x31\x30\x2e\x39\x34\x38\x38\x20\x34\x31\x2e\x38\x35\
\x35\x39\x20\x31\x32\x2e\x36\x32\x31\x37\x4c\x34\x37\x2e\x38\x30\
\x38\x31\x20\x32\x37\x2e\x34\x34\x33\x39\x43\x34\x38\x2e\x30\x39\
\x34\x32\x20\x32\x38\x2e\x31\x35\x36\x33\x20\x34\x38\x2e\x37\x36\
\x32\x38\x20\x32\x38\x2e\x36\x34\x32\x20\x34\x39\x2e\x35\x32\x38\
\x38\x20\x32\x38\x2e\x36\x39\x34\x4c\x36\x35\x2e\x34\x36\x34\x38\
\x20\x32\x39\x2e\x37\x37\x34\x35\x43\x36\x37\x2e\x32\x36\x33\x35\
\x20\x32\x39\x2e\x38\x39\x36\x35\x20\x36\x37\x2e\x39\x39\x35\x33\
\x20\x33\x32\x2e\x31\x34\x38\x39\x20\x36\x36\x2e\x36\x31\x31\x38\
\x20\x33\x33\x2e\x33\x30\x34\x37\x4c\x35\x34\x2e\x33\x35\x34\x34\
\x20\x34\x33\x2e\x35\x34\x35\x39\x43\x35\x33\x2e\x37\x36\x35\x33\
\x20\x34\x34\x2e\x30\x33\x38\x31\x20\x35\x33\x2e\x35\x30\x39\x39\
\x20\x34\x34\x2e\x38\x32\x34\x31\x20\x35\x33\x2e\x36\x39\x37\x32\
\x20\x34\x35\x2e\x35\x36\x38\x36\x4c\x35\x37\x2e\x35\x39\x34\x31\
\x20\x36\x31\x2e\x30\x35\x38\x36\x43\x35\x38\x2e\x30\x33\x33\x39\
\x20\x36\x32\x2e\x38\x30\x36\x39\x20\x35\x36\x2e\x31\x31\x37\x39\
\x20\x36\x34\x2e\x31\x39\x39\x20\x35\x34\x2e\x35\x39\x31\x31\x20\
\x36\x33\x2e\x32\x34\x30\x34\x4c\x34\x31\x2e\x30\x36\x33\x34\x20\
\x35\x34\x2e\x37\x34\x37\x36\x43\x34\x30\x2e\x34\x31\x33\x32\x20\
\x35\x34\x2e\x33\x33\x39\x34\x20\x33\x39\x2e\x35\x38\x36\x38\x20\
\x35\x34\x2e\x33\x33\x39\x34\x20\x33\x38\x2e\x39\x33\x36\x36\x20\
\x35\x34\x2e\x37\x34\x37\x36\x4c\x32\x35\x2e\x34\x30\x38\x39\x20\
\x36\x33\x2e\x32\x34\x30\x34\x43\x32\x33\x2e\x38\x38\x32\x31\x20\
\x36\x34\x2e\x31\x39\x39\x20\x32\x31\x2e\x39\x36\x36\x31\x20\x36\
\x32\x2e\x38\x30\x36\x39\x20\x32\x32\x2e\x34\x30\x35\x39\x20\x36\
\x31\x2e\x30\x35\x38\x36\x4c\x32\x36\x2e\x33\x30\x32\x38\x20\x34\
\x35\x2e\x35\x36\x38\x36\x43\x32\x36\x2e\x34\x39\x30\x31\x20\x34\
\x34\x2e\x38\x32\x34\x31\x20\x32\x36\x2e\x32\x33\x34\x37\x20\x34\
\x34\x2e\x30\x33\x38\x31\x20\x32\x35\x2e\x36\x34\x35\x36\x20\x34\
\x33\x2e\x35\x34\x35\x39\x4c\x31\x33\x2e\x33\x38\x38\x32\x20\x33\
\x33\x2e\x33\x30\x34\x37\x43\x31\x32\x2e\x30\x30\x34\x37\x20\x33\
\x32\x2e\x31\x34\x38\x39\x20\x31\x32\x2e\x37\x33\x36\x35\x20\x32\
\x39\x2e\x38\x39\x36\x35\x20\x31\x34\x2e\x35\x33\x35\x32\x20\x32\
\x39\x2e\x37\x37\x34\x35\x4c\x33\x30\x2e\x34\x37\x31\x32\x20\x32\
\x38\x2e\x36\x39\x34\x43\x33\x31\x2e\x32\x33\x37\x32\x20\x32\x38\
\x2e\x36\x34\x32\x20\x33\x31\x2e\x39\x30\x35\x38\x20\x32\x38\x2e\
\x31\x35\x36\x33\x20\x33\x32\x2e\x31\x39\x31\x39\x20\x32\x37\x2e\
\x34\x34\x33\x39\x4c\x33\x38\x2e\x31\x34\x34\x31\x20\x31\x32\x2e\
\x36\x32\x31\x37\x5a\x22\x20\x66\x69\x6c\x6c\x3d\x22\x23\x46\x32\
\x39\x39\x34\x41\x22\x20\x2f\x3e\x0a\x20\x20\x3c\x70\x61\x74\x68\
\x20\x64\x3d\x22\x4d\x33\x39\x2e\x30\x35\x31\x35\x20\x32\x36\x2e\
\x33\x31\x30\x38\x43\x33\x39\x2e\x33\x38\x37\x34\x20\x32\x35\x2e\
\x34\x37\x34\x34\x20\x34\x30\x2e\x35\x37\x31\x36\x20\x32\x35\x2e\
\x34\x37\x34\x34\x20\x34\x30\x2e\x39\x30\x37\x35\x20\x32\x36\x2e\
\x33\x31\x30\x38\x4c\x34\x33\x2e\x38\x38\x33\x35\x20\x33\x33\x2e\
\x37\x32\x31\x39\x43\x34\x34\x2e\x30\x32\x36\x36\x20\x33\x34\x2e\
\x30\x37\x38\x31\x20\x34\x34\x2e\x33\x36\x30\x39\x20\x33\x34\x2e\
\x33\x32\x31\x20\x34\x34\x2e\x37\x34\x33\x39\x20\x33\x34\x2e\x33\
\x34\x37\x4c\x35\x32\x2e\x37\x31\x31\x39\x20\x33\x34\x2e\x38\x38\
\x37\x33\x43\x35\x33\x2e\x36\x31\x31\x32\x20\x33\x34\x2e\x39\x34\
\x38\x32\x20\x35\x33\x2e\x39\x37\x37\x31\x20\x33\x36\x2e\x30\x37\
\x34\x34\x20\x35\x33\x2e\x32\x38\x35\x34\x20\x33\x36\x2e\x36\x35\
\x32\x34\x4c\x34\x37\x2e\x31\x35\x36\x37\x20\x34\x31\x2e\x37\x37\
\x32\x39\x43\x34\x36\x2e\x38\x36\x32\x31\x20\x34\x32\x2e\x30\x31\
\x39\x31\x20\x34\x36\x2e\x37\x33\x34\x34\x20\x34\x32\x2e\x34\x31\
\x32\x31\x20\x34\x36\x2e\x38\x32\x38\x31\x20\x34\x32\x2e\x37\x38\
\x34\x33\x4c\x34\x38\x2e\x37\x37\x36\x35\x20\x35\x30\x2e\x35\x32\
\x39\x33\x43\x34\x38\x2e\x39\x39\x36\x34\x20\x35\x31\x2e\x34\x30\
\x33\x35\x20\x34\x38\x2e\x30\x33\x38\x34\x20\x35\x32\x2e\x30\x39\
\x39\x35\x20\x34\x37\x2e\x32\x37\x35\x20\x35\x31\x2e\x36\x32\x30\
\x32\x4c\x34\x30\x2e\x35\x31\x31\x32\x20\x34\x37\x2e\x33\x37\x33\
\x38\x43\x34\x30\x2e\x31\x38\x36\x31\x20\x34\x37\x2e\x31\x36\x39\
\x37\x20\x33\x39\x2e\x37\x37\x32\x39\x20\x34\x37\x2e\x31\x36\x39\
\x37\x20\x33\x39\x2e\x34\x34\x37\x38\x20\x34\x37\x2e\x33\x37\x33\
\x38\x4c\x33\x32\x2e\x36\x38\x34\x20\x35\x31\x2e\x36\x32\x30\x32\
\x43\x33\x31\x2e\x39\x32\x30\x35\x20\x35\x32\x2e\x30\x39\x39\x35\
\x20\x33\x30\x2e\x39\x36\x32\x36\x20\x35\x31\x2e\x34\x30\x33\x35\
\x20\x33\x31\x2e\x31\x38\x32\x35\x20\x35\x30\x2e\x35\x32\x39\x33\
\x4c\x33\x33\x2e\x31\x33\x30\x39\x20\x34\x32\x2e\x37\x38\x34\x33\
\x43\x33\x33\x2e\x32\x32\x34\x35\x20\x34\x32\x2e\x34\x31\x32\x31\
\x20\x33\x33\x2e\x30\x39\x36\x38\x20\x34\x32\x2e\x30\x31\x39\x31\
\x20\x33\x32\x2e\x38\x30\x32\x33\x20\x34\x31\x2e\x37\x37\x32\x39\
\x4c\x32\x36\x2e\x36\x37\x33\x36\x20\x33\x36\x2e\x36\x35\x32\x34\
\x43\x32\x35\x2e\x39\x38\x31\x38\x20\x33\x36\x2e\x30\x37\x34\x34\
\x20\x32\x36\x2e\x33\x34\x37\x38\x20\x33\x34\x2e\x39\x34\x38\x32\
\x20\x32\x37\x2e\x32\x34\x37\x31\x20\x33\x34\x2e\x38\x38\x37\x33\
\x4c\x33\x35\x2e\x32\x31\x35\x31\x20\x33\x34\x2e\x33\x34\x37\x43\
\x33\x35\x2e\x35\x39\x38\x31\x20\x33\x34\x2e\x33\x32\x31\x20\x33\
\x35\x2e\x39\x33\x32\x34\x20\x33\x34\x2e\x30\x37\x38\x31\x20\x33\
\x36\x2e\x30\x37\x35\x34\x20\x33\x33\x2e\x37\x32\x31\x39\x4c\x33\
\x39\x2e\x30\x35\x31\x35\x20\x32\x36\x2e\x33\x31\x30\x38\x5a\x22\
\x20\x66\x69\x6c\x6c\x3d\x22\x23\x46\x32\x43\x39\x34\x43\x22\x20\
\x2f\x3e\x0a\x3c\x2f\x73\x76\x67\x3e\
\x00\x00\x04\xc2\
\x3c\
\x3f\x78\x6d\x6c\x20\x76\x65\x72\x73\x69\x6f\x6e\x3d\x22\x31\x2e\
\x30\x22\x20\x65\x6e\x63\x6f\x64\x69\x6e\x67\x3d\x22\x75\x74\x66\
\x2d\x38\x22\x3f\x3e\x3c\x21\x2d\x2d\x20\x55\x70\x6c\x6f\x61\x64\
\x65\x64\x20\x74\x6f\x3a\x20\x53\x56\x47\x20\x52\x65\x70\x6f\x2c\
\x20\x77\x77\x77\x2e\x73\x76\x67\x72\x65\x70\x6f\x2e\x63\x6f\x6d\
\x2c\x20\x47\x65\x6e\x65\x72\x61\x74\x6f\x72\x3a\x20\x53\x56\x47\
\x20\x52\x65\x70\x6f\x20\x4d\x69\x78\x65\x72\x20\x54\x6f\x6f\x6c\
\x73\x20\x2d\x2d\x3e\x0a\x3c\x73\x76\x67\x20\x77\x69\x64\x74\x68\
\x3d\x22\x38\x30\x30\x70\x78\x22\x20\x68\x65\x69\x67\x68\x74\x3d\
\x22\x38\x30\x30\x70\x78\x22\x20\x76\x69\x65\x77\x42\x6f\x78\x3d\
\x22\x30\x20\x30\x20\x32\x34\x20\x32\x34\x22\x20\x66\x69\x6c\x6c\
\x3d\x22\x6e\x6f\x6e\x65\x22\x20\x78\x6d\x6c\x6e\x73\x3d\x22\x68\
\x74\x74\x70\x3a\x2f\x2f\x77\x77\x77\x2e\x77\x33\x2e\x6f\x72\x67\
\x2f\x32\x30\x30\x30\x2f\x73\x76\x67\x22\x3e\x0a\x3c\x70\x61\x74\
\x68\x20\x64\x3d\x22\x4d\x32\x30\x20\x39\x2e\x35\x30\x31\x39\x35\
\x56\x38\x2e\x37\x34\x39\x38\x35\x43\x32\x30\x20\x37\x2e\x35\x30\
\x37\x32\x31\x20\x31\x38\x2e\x39\x39\x32\x36\x20\x36\x2e\x34\x39\
\x39\x38\x35\x20\x31\x37\x2e\x37\x35\x20\x36\x2e\x34\x39\x39\x38\
\x35\x48\x31\x32\x2e\x30\x32\x34\x37\x4c\x39\x2e\x36\x34\x33\x36\
\x38\x20\x34\x2e\x35\x31\x39\x39\x35\x43\x39\x2e\x32\x33\x39\x35\
\x39\x20\x34\x2e\x31\x38\x33\x39\x33\x20\x38\x2e\x37\x33\x30\x36\
\x33\x20\x33\x2e\x39\x39\x39\x39\x37\x20\x38\x2e\x32\x30\x35\x30\
\x39\x20\x33\x2e\x39\x39\x39\x39\x37\x48\x34\x2e\x32\x34\x39\x35\
\x37\x43\x33\x2e\x30\x30\x37\x32\x34\x20\x33\x2e\x39\x39\x39\x39\
\x37\x20\x32\x20\x35\x2e\x30\x30\x36\x38\x36\x20\x31\x2e\x39\x39\
\x39\x35\x37\x20\x36\x2e\x32\x34\x39\x31\x39\x4c\x31\x2e\x39\x39\
\x35\x36\x31\x20\x31\x37\x2e\x37\x34\x39\x32\x43\x31\x2e\x39\x39\
\x35\x31\x38\x20\x31\x38\x2e\x39\x39\x32\x31\x20\x33\x2e\x30\x30\
\x32\x36\x36\x20\x32\x30\x20\x34\x2e\x32\x34\x35\x36\x31\x20\x32\
\x30\x48\x34\x2e\x32\x37\x31\x39\x36\x43\x34\x2e\x32\x37\x36\x30\
\x37\x20\x32\x30\x20\x34\x2e\x32\x38\x30\x31\x39\x20\x32\x30\x20\
\x34\x2e\x32\x38\x34\x33\x31\x20\x32\x30\x48\x31\x38\x2e\x34\x36\
\x39\x33\x43\x31\x39\x2e\x32\x37\x32\x33\x20\x32\x30\x20\x31\x39\
\x2e\x39\x37\x32\x33\x20\x31\x39\x2e\x34\x35\x33\x35\x20\x32\x30\
\x2e\x31\x36\x37\x20\x31\x38\x2e\x36\x37\x34\x35\x4c\x32\x31\x2e\
\x39\x31\x36\x39\x20\x31\x31\x2e\x36\x37\x36\x35\x43\x32\x32\x2e\
\x31\x39\x33\x31\x20\x31\x30\x2e\x35\x37\x31\x39\x20\x32\x31\x2e\
\x33\x35\x37\x37\x20\x39\x2e\x35\x30\x31\x39\x35\x20\x32\x30\x2e\
\x32\x31\x39\x32\x20\x39\x2e\x35\x30\x31\x39\x35\x48\x32\x30\x5a\
\x4d\x34\x2e\x32\x34\x39\x35\x37\x20\x35\x2e\x34\x39\x39\x39\x37\
\x48\x38\x2e\x32\x30\x35\x30\x39\x43\x38\x2e\x33\x38\x30\x32\x37\
\x20\x35\x2e\x34\x39\x39\x39\x37\x20\x38\x2e\x35\x34\x39\x39\x33\
\x20\x35\x2e\x35\x36\x31\x32\x39\x20\x38\x2e\x36\x38\x34\x36\x32\
\x20\x35\x2e\x36\x37\x33\x33\x4c\x31\x31\x2e\x32\x37\x34\x31\x20\
\x37\x2e\x38\x32\x36\x35\x32\x43\x31\x31\x2e\x34\x30\x38\x38\x20\
\x37\x2e\x39\x33\x38\x35\x32\x20\x31\x31\x2e\x35\x37\x38\x34\x20\
\x37\x2e\x39\x39\x39\x38\x35\x20\x31\x31\x2e\x37\x35\x33\x36\x20\
\x37\x2e\x39\x39\x39\x38\x35\x48\x31\x37\x2e\x37\x35\x43\x31\x38\
\x2e\x31\x36\x34\x32\x20\x37\x2e\x39\x39\x39\x38\x35\x20\x31\x38\
\x2e\x35\x20\x38\x2e\x33\x33\x35\x36\x33\x20\x31\x38\x2e\x35\x20\
\x38\x2e\x37\x34\x39\x38\x35\x56\x39\x2e\x35\x30\x31\x39\x35\x48\
\x36\x2e\x34\x32\x33\x38\x35\x43\x35\x2e\x33\x39\x31\x33\x36\x20\
\x39\x2e\x35\x30\x31\x39\x35\x20\x34\x2e\x34\x39\x31\x33\x37\x20\
\x31\x30\x2e\x32\x30\x34\x37\x20\x34\x2e\x32\x34\x31\x20\x31\x31\
\x2e\x32\x30\x36\x34\x4c\x33\x2e\x34\x39\x36\x38\x34\x20\x31\x34\
\x2e\x31\x38\x33\x37\x4c\x33\x2e\x34\x39\x39\x35\x37\x20\x36\x2e\
\x32\x34\x39\x37\x31\x43\x33\x2e\x34\x39\x39\x37\x31\x20\x35\x2e\
\x38\x33\x35\x36\x20\x33\x2e\x38\x33\x35\x34\x36\x20\x35\x2e\x34\
\x39\x39\x39\x37\x20\x34\x2e\x32\x34\x39\x35\x37\x20\x35\x2e\x34\
\x39\x39\x39\x37\x5a\x4d\x35\x2e\x36\x39\x36\x32\x33\x20\x31\x31\
\x2e\x35\x37\x30\x31\x43\x35\x2e\x37\x37\x39\x36\x39\x20\x31\x31\
\x2e\x32\x33\x36\x32\x20\x36\x2e\x30\x37\x39\x36\x39\x20\x31\x31\
\x2e\x30\x30\x32\x20\x36\x2e\x34\x32\x33\x38\x35\x20\x31\x31\x2e\
\x30\x30\x32\x48\x32\x30\x2e\x32\x31\x39\x32\x43\x32\x30\x2e\x33\
\x38\x31\x39\x20\x31\x31\x2e\x30\x30\x32\x20\x32\x30\x2e\x35\x30\
\x31\x32\x20\x31\x31\x2e\x31\x35\x34\x38\x20\x32\x30\x2e\x34\x36\
\x31\x37\x20\x31\x31\x2e\x33\x31\x32\x36\x4c\x31\x38\x2e\x37\x31\
\x31\x39\x20\x31\x38\x2e\x33\x31\x30\x37\x43\x31\x38\x2e\x36\x38\
\x34\x20\x31\x38\x2e\x34\x32\x31\x39\x20\x31\x38\x2e\x35\x38\x34\
\x20\x31\x38\x2e\x35\x20\x31\x38\x2e\x34\x36\x39\x33\x20\x31\x38\
\x2e\x35\x48\x34\x2e\x32\x38\x34\x33\x31\x43\x34\x2e\x31\x32\x31\
\x36\x37\x20\x31\x38\x2e\x35\x20\x34\x2e\x30\x30\x32\x33\x33\x20\
\x31\x38\x2e\x33\x34\x37\x32\x20\x34\x2e\x30\x34\x31\x37\x37\x20\
\x31\x38\x2e\x31\x38\x39\x34\x4c\x35\x2e\x36\x39\x36\x32\x33\x20\
\x31\x31\x2e\x35\x37\x30\x31\x5a\x22\x20\x66\x69\x6c\x6c\x3d\x22\
\x23\x32\x31\x32\x31\x32\x31\x22\x2f\x3e\x0a\x3c\x2f\x73\x76\x67\
\x3e\
\x00\x00\x09\x8f\
\x3c\
\x3f\x78\x6d\x6c\x20\x76\x65\x72\x73\x69\x6f\x6e\x3d\x22\x31\x2e\
\x30\x22\x20\x65\x6e\x63\x6f\x64\x69\x6e\x67\x3d\x22\x55\x54\x46\
\x2d\x38\x22\x20\x73\x74\x61\x6e\x64\x61\x6c\x6f\x6e\x65\x3d\x22\
\x6e\x6f\x22\x3f\x3e\x0a\x3c\x73\x76\x67\x0a\x20\x20\x20\x78\x6d\
\x6c\x6e\x73\x3a\x64\x63\x3d\x22\x68\x74\x74\x70\x3a\x2f\x2f\x70\
\x75\x72\x6c\x2e\x6f\x72\x67\x2f\x64\x63\x2f\x65\x6c\x65\x6d\x65\
\x6e\x74\x73\x2f\x31\x2e\x31\x2f\x22\x0a\x20\x20\x20\x78\x6d\x6c\
\x6e\x73\x3a\x63\x63\x3d\x22\x68\x74\x74\x70\x3a\x2f\x2f\x63\x72\
\x65\x61\x74\x69\x76\x65\x63\x6f\x6d\x6d\x6f\x6e\x73\x2e\x6f\x72\
\x67\x2f\x6e\x73\x23\x22\x0a\x20\x20\x20\x78\x6d\x6c\x6e\x73\x3a\
\x72\x64\x66\x3d\x22\x68\x74\x74\x70\x3a\x2f\x2f\x77\x77\x77\x2e\
\x77\x33\x2e\x6f\x72\x67\x2f\x31\x39\x39\x39\x2f\x30\x32\x2f\x32\
\x32\x2d\x72\x64\x66\x2d\x73\x79\x6e\x74\x61\x78\x2d\x6e\x73\x23\
\x22\x0a\x20\x20\x20\x78\x6d\x6c\x6e\x73\x3a\x73\x76\x67\x3d\x22\
\x68\x74\x74\x70\x3a\x2f\x2f\x77\x77\x77\x2e\x77\x33\x2e\x6f\x72\
\x67\x2f\x32\x30\x30\x30\x2f\x73\x76\x67\x22\x0a\x20\x20\x20\x78\
\x6d\x6c\x6e\x73\x3d\x22\x68\x74\x74\x70\x3a\x2f\x2f\x77\x77\x77\
\x2e\x77\x33\x2e\x6f\x72\x67\x2f\x32\x30\x30\x30\x2f\x73\x76\x67\
\x22\x0a\x20\x20\x20\x78\x6d\x6c\x6e\x73\x3a\x73\x6f\x64\x69\x70\
\x6f\x64\x69\x3d\x22\x68\x74\x74\x70\x3a\x2f\x2f\x73\x6f\x64\x69\
\x70\x6f\x64\x69\x2e\x73\x6f\x75\x72\x63\x65\x66\x6f\x72\x67\x65\
\x2e\x6e\x65\x74\x2f\x44\x54\x44\x2f\x73\x6f\x64\x69\x70\x6f\x64\
\x69\x2d\x30\x2e\x64\x74\x64\x22\x0a\x20\x20\x20\x78\x6d\x6c\x6e\
\x73\x3a\x69\x6e\x6b\x73\x63\x61\x70\x65\x3d\x22\x68\x74\x74\x70\
\x3a\x2f\x2f\x77\x77\x77\x2e\x69\x6e\x6b\x73\x63\x61\x70\x65\x2e\
\x6f\x72\x67\x2f\x6e\x61\x6d\x65\x73\x70\x61\x63\x65\x73\x2f\x69\
\x6e\x6b\x73\x63\x61\x70\x65\x22\x0a\x20\x20\x20\x69\x6e\x6b\x73\
\x63\x61\x70\x65\x3a\x76\x65\x72\x73\x69\x6f\x6e\x3d\x22\x31\x2e\
\x30\x72\x63\x31\x20\x28\x30\x39\x39\x36\x30\x64\x36\x66\x30\x35\
\x2c\x20\x32\x30\x32\x30\x2d\x30\x34\x2d\x30\x39\x29\x22\x0a\x20\
\x20\x20\x73\x6f\x64\x69\x70\x6f\x64\x69\x3a\x64\x6f\x63\x6e\x61\
\x6d\x65\x3d\x22\x63\x6f\x6c\x6c\x61\x70\x73\x65\x2e\x73\x76\x67\
\x22\x0a\x20\x20\x20\x69\x64\x3d\x22\x73\x76\x67\x36\x22\x0a\x20\
\x20\x20\x76\x65\x72\x73\x69\x6f\x6e\x3d\x22\x31\x2e\x31\x22\x0a\
\x20\x20\x20\x63\x6c\x61\x73\x73\x3d\x22\x66\x65\x61\x74\x68\x65\
\x72\x20\x66\x65\x61\x74\x68\x65\x72\x2d\x63\x6f\x64\x65\x22\x0a\
\x20\x20\x20\x73\x74\x72\x6f\x6b\x65\x2d\x6c\x69\x6e\x65\x6a\x6f\
\x69\x6e\x3d\x22\x72\x6f\x75\x6e\x64\x22\x0a\x20\x20\x20\x73\x74\
\x72\x6f\x6b\x65\x2d\x6c\x69\x6e\x65\x63\x61\x70\x3d\x22\x72\x6f\
\x75\x6e\x64\x22\x0a\x20\x20\x20\x73\x74\x72\x6f\x6b\x65\x2d\x77\
\x69\x64\x74\x68\x3d\x22\x32\x22\x0a\x20\x20\x20\x73\x74\x72\x6f\
\x6b\x65\x3d\x22\x63\x75\x72\x72\x65\x6e\x74\x43\x6f\x6c\x6f\x72\
\x22\x0a\x20\x20\x20\x66\x69\x6c\x6c\x3d\x22\x6e\x6f\x6e\x65\x22\
\x0a\x20\x20\x20\x76\x69\x65\x77\x42\x6f\x78\x3d\x22\x30\x20\x30\
\x20\x32\x34\x20\x32\x34\x22\x0a\x20\x20\x20\x68\x65\x69\x67\x68\
\x74\x3d\x22\x32\x34\x22\x0a\x20\x20\x20\x77\x69\x64\x74\x68\x3d\
\x22\x32\x34\x22\x3e\x0a\x20\x20\x3c\x6d\x65\x74\x61\x64\x61\x74\
\x61\x0a\x20\x20\x20\x20\x20\x69\x64\x3d\x22\x6d\x65\x74\x61\x64\
\x61\x74\x61\x31\x32\x22\x3e\x0a\x20\x20\x20\x20\x3c\x72\x64\x66\
\x3a\x52\x44\x46\x3e\x0a\x20\x20\x20\x20\x20\x20\x3c\x63\x63\x3a\
\x57\x6f\x72\x6b\x0a\x20\x20\x20\x20\x20\x20\x20\x20\x20\x72\x64\
\x66\x3a\x61\x62\x6f\x75\x74\x3d\x22\x22\x3e\x0a\x20\x20\x20\x20\
\x20\x20\x20\x20\x3c\x64\x63\x3a\x66\x6f\x72\x6d\x61\x74\x3e\x69\
\x6d\x61\x67\x65\x2f\x73\x76\x67\x2b\x78\x6d\x6c\x3c\x2f\x64\x63\
\x3a\x66\x6f\x72\x6d\x61\x74\x3e\x0a\x20\x20\x20\x20\x20\x20\x20\
\x20\x3c\x64\x63\x3a\x74\x79\x70\x65\x0a\x20\x20\x20\x20\x20\x20\
\x20\x20\x20\x20\x20\x72\x64\x66\x3a\x72\x65\x73\x6f\x75\x72\x63\
\x65\x3d\x22\x68\x74\x74\x70\x3a\x2f\x2f\x70\x75\x72\x6c\x2e\x6f\
\x72\x67\x2f\x64\x63\x2f\x64\x63\x6d\x69\x74\x79\x70\x65\x2f\x53\
\x74\x69\x6c\x6c\x49\x6d\x61\x67\x65\x22\x20\x2f\x3e\x0a\x20\x20\
\x20\x20\x20\x20\x20\x20\x3c\x64\x63\x3a\x74\x69\x74\x6c\x65\x3e\
\x3c\x2f\x64\x63\x3a\x74\x69\x74\x6c\x65\x3e\x0a\x20\x20\x20\x20\
\x20\x20\x3c\x2f\x63\x63\x3a\x57\x6f\x72\x6b\x3e\x0a\x20\x20\x20\
\x20\x3c\x2f\x72\x64\x66\x3a\x52\x44\x46\x3e\x0a\x20\x20\x3c\x2f\
\x6d\x65\x74\x61\x64\x61\x74\x61\x3e\x0a\x20\x20\x3c\x64\x65\x66\
\x73\x0a\x20\x20\x20\x20\x20\x69\x64\x3d\x22\x64\x65\x66\x73\x31\
\x30\x22\x20\x2f\x3e\x0a\x20\x20\x3c\x73\x6f\x64\x69\x70\x6f\x64\
\x69\x3a\x6e\x61\x6d\x65\x64\x76\x69\x65\x77\x0a\x20\x20\x20\x20\
\x20\x69\x6e\x6b\x73\x63\x61\x70\x65\x3a\x63\x75\x72\x72\x65\x6e\
\x74\x2d\x6c\x61\x79\x65\x72\x3d\x22\x73\x76\x67\x36\x22\x0a\x20\
\x20\x20\x20\x20\x69\x6e\x6b\x73\x63\x61\x70\x65\x3a\x77\x69\x6e\
\x64\x6f\x77\x2d\x6d\x61\x78\x69\x6d\x69\x7a\x65\x64\x3d\x22\x30\
\x22\x0a\x20\x20\x20\x20\x20\x69\x6e\x6b\x73\x63\x61\x70\x65\x3a\
\x77\x69\x6e\x64\x6f\x77\x2d\x79\x3d\x22\x31\x38\x35\x22\x0a\x20\
\x20\x20\x20\x20\x69\x6e\x6b\x73\x63\x61\x70\x65\x3a\x77\x69\x6e\
\x64\x6f\x77\x2d\x78\x3d\x22\x31\x33\x38\x37\x22\x0a\x20\x20\x20\
\x20\x20\x69\x6e\x6b\x73\x63\x61\x70\x65\x3a\x63\x79\x3d\x22\x31\
\x32\x2e\x31\x38\x37\x33\x38\x32\x22\x0a\x20\x20\x20\x20\x20\x69\
\x6e\x6b\x73\x63\x61\x70\x65\x3a\x63\x78\x3d\x22\x31\x32\x2e\x34\
\x37\x33\x33\x38\x37\x22\x0a\x20\x20\x20\x20\x20\x69\x6e\x6b\x73\
\x63\x61\x70\x65\x3a\x7a\x6f\x6f\x6d\x3d\x22\x32\x39\x2e\x36\x39\
\x38\x34\x38\x35\x22\x0a\x20\x20\x20\x20\x20\x73\x68\x6f\x77\x67\
\x72\x69\x64\x3d\x22\x66\x61\x6c\x73\x65\x22\x0a\x20\x20\x20\x20\
\x20\x69\x64\x3d\x22\x6e\x61\x6d\x65\x64\x76\x69\x65\x77\x38\x22\
\x0a\x20\x20\x20\x20\x20\x69\x6e\x6b\x73\x63\x61\x70\x65\x3a\x77\
\x69\x6e\x64\x6f\x77\x2d\x68\x65\x69\x67\x68\x74\x3d\x22\x31\x31\
\x32\x38\x22\x0a\x20\x20\x20\x20\x20\x69\x6e\x6b\x73\x63\x61\x70\
\x65\x3a\x77\x69\x6e\x64\x6f\x77\x2d\x77\x69\x64\x74\x68\x3d\x22\
\x31\x39\x37\x34\x22\x0a\x20\x20\x20\x20\x20\x69\x6e\x6b\x73\x63\
\x61\x70\x65\x3a\x70\x61\x67\x65\x73\x68\x61\x64\x6f\x77\x3d\x22\
\x32\x22\x0a\x20\x20\x20\x20\x20\x69\x6e\x6b\x73\x63\x61\x70\x65\
\x3a\x70\x61\x67\x65\x6f\x70\x61\x63\x69\x74\x79\x3d\x22\x30\x22\
\x0a\x20\x20\x20\x20\x20\x67\x75\x69\x64\x65\x74\x6f\x6c\x65\x72\
\x61\x6e\x63\x65\x3d\x22\x31\x30\x22\x0a\x20\x20\x20\x20\x20\x67\
\x72\x69\x64\x74\x6f\x6c\x65\x72\x61\x6e\x63\x65\x3d\x22\x31\x30\
\x22\x0a\x20\x20\x20\x20\x20\x6f\x62\x6a\x65\x63\x74\x74\x6f\x6c\
\x65\x72\x61\x6e\x63\x65\x3d\x22\x31\x30\x22\x0a\x20\x20\x20\x20\
\x20\x62\x6f\x72\x64\x65\x72\x6f\x70\x61\x63\x69\x74\x79\x3d\x22\
\x31\x22\x0a\x20\x20\x20\x20\x20\x62\x6f\x72\x64\x65\x72\x63\x6f\
\x6c\x6f\x72\x3d\x22\x23\x36\x36\x36\x36\x36\x36\x22\x0a\x20\x20\
\x20\x20\x20\x70\x61\x67\x65\x63\x6f\x6c\x6f\x72\x3d\x22\x23\x66\
\x66\x66\x66\x66\x66\x22\x20\x2f\x3e\x0a\x20\x20\x3c\x70\x61\x74\
\x68\x0a\x20\x20\x20\x20\x20\x73\x74\x79\x6c\x65\x3d\x22\x66\x69\
\x6c\x6c\x3a\x6e\x6f\x6e\x65\x3b\x73\x74\x72\x6f\x6b\x65\x3a\x23\
\x30\x30\x30\x30\x30\x30\x3b\x73\x74\x72\x6f\x6b\x65\x2d\x77\x69\
\x64\x74\x68\x3a\x31\x2e\x38\x39\x34\x34\x33\x3b\x73\x74\x72\x6f\
\x6b\x65\x2d\x6c\x69\x6e\x65\x63\x61\x70\x3a\x72\x6f\x75\x6e\x64\
\x3b\x73\x74\x72\x6f\x6b\x65\x2d\x6c\x69\x6e\x65\x6a\x6f\x69\x6e\
\x3a\x6d\x69\x74\x65\x72\x3b\x73\x74\x72\x6f\x6b\x65\x2d\x6d\x69\
\x74\x65\x72\x6c\x69\x6d\x69\x74\x3a\x34\x3b\x73\x74\x72\x6f\x6b\
\x65\x2d\x64\x61\x73\x68\x61\x72\x72\x61\x79\x3a\x6e\x6f\x6e\x65\
\x3b\x73\x74\x72\x6f\x6b\x65\x2d\x6f\x70\x61\x63\x69\x74\x79\x3a\
\x31\x22\x0a\x20\x20\x20\x20\x20\x64\x3d\x22\x4d\x20\x32\x2e\x38\
\x39\x35\x37\x37\x30\x36\x2c\x33\x2e\x37\x33\x37\x35\x36\x34\x34\
\x20\x48\x20\x32\x30\x2e\x32\x33\x36\x37\x32\x33\x22\x0a\x20\x20\
\x20\x20\x20\x69\x64\x3d\x22\x70\x61\x74\x68\x38\x35\x37\x22\x0a\
\x20\x20\x20\x20\x20\x69\x6e\x6b\x73\x63\x61\x70\x65\x3a\x63\x6f\
\x6e\x6e\x65\x63\x74\x6f\x72\x2d\x63\x75\x72\x76\x61\x74\x75\x72\
\x65\x3d\x22\x30\x22\x20\x2f\x3e\x0a\x20\x20\x3c\x70\x61\x74\x68\
\x0a\x20\x20\x20\x20\x20\x73\x74\x79\x6c\x65\x3d\x22\x66\x69\x6c\
\x6c\x3a\x6e\x6f\x6e\x65\x3b\x73\x74\x72\x6f\x6b\x65\x3a\x23\x30\
\x30\x30\x30\x30\x30\x3b\x73\x74\x72\x6f\x6b\x65\x2d\x77\x69\x64\
\x74\x68\x3a\x31\x2e\x38\x39\x34\x34\x33\x3b\x73\x74\x72\x6f\x6b\
\x65\x2d\x6c\x69\x6e\x65\x63\x61\x70\x3a\x72\x6f\x75\x6e\x64\x3b\
\x73\x74\x72\x6f\x6b\x65\x2d\x6c\x69\x6e\x65\x6a\x6f\x69\x6e\x3a\
\x6d\x69\x74\x65\x72\x3b\x73\x74\x72\x6f\x6b\x65\x2d\x6d\x69\x74\
\x65\x72\x6c\x69\x6d\x69\x74\x3a\x34\x3b\x73\x74\x72\x6f\x6b\x65\
\x2d\x64\x61\x73\x68\x61\x72\x72\x61\x79\x3a\x6e\x6f\x6e\x65\x3b\
\x73\x74\x72\x6f\x6b\x65\x2d\x6f\x70\x61\x63\x69\x74\x79\x3a\x31\
\x22\x0a\x20\x20\x20\x20\x20\x64\x3d\x22\x4d\x20\x32\x2e\x38\x39\
\x35\x37\x37\x30\x36\x2c\x31\x31\x2e\x34\x33\x37\x31\x37\x32\x20\
\x48\x20\x32\x30\x2e\x32\x33\x36\x37\x32\x33\x22\x0a\x20\x20\x20\
\x20\x20\x69\x64\x3d\x22\x70\x61\x74\x68\x38\x35\x39\x22\x0a\x20\
\x20\x20\x20\x20\x69\x6e\x6b\x73\x63\x61\x70\x65\x3a\x63\x6f\x6e\
\x6e\x65\x63\x74\x6f\x72\x2d\x63\x75\x72\x76\x61\x74\x75\x72\x65\
\x3d\x22\x30\x22\x20\x2f\x3e\x0a\x20\x20\x3c\x70\x61\x74\x68\x0a\
\x20\x20\x20\x20\x20\x69\x6e\x6b\x73\x63\x61\x70\x65\x3a\x63\x6f\
\x6e\x6e\x65\x63\x74\x6f\x72\x2d\x63\x75\x72\x76\x61\x74\x75\x72\
\x65\x3d\x22\x30\x22\x0a\x20\x20\x20\x20\x20\x69\x64\x3d\x22\x70\
\x61\x74\x68\x38\x35\x35\x22\x0a\x20\x20\x20\x20\x20\x64\x3d\x22\
\x4d\x20\x32\x2e\x38\x39\x35\x37\x37\x30\x36\x2c\x37\x2e\x35\x38\
\x37\x33\x36\x38\x31\x20\x48\x20\x32\x30\x2e\x32\x33\x36\x37\x32\
\x33\x22\x0a\x20\x20\x20\x20\x20\x73\x74\x79\x6c\x65\x3d\x22\x66\
\x69\x6c\x6c\x3a\x6e\x6f\x6e\x65\x3b\x73\x74\x72\x6f\x6b\x65\x3a\
\x23\x30\x30\x30\x30\x30\x30\x3b\x73\x74\x72\x6f\x6b\x65\x2d\x77\
\x69\x64\x74\x68\x3a\x31\x2e\x38\x39\x34\x34\x33\x3b\x73\x74\x72\
\x6f\x6b\x65\x2d\x6c\x69\x6e\x65\x63\x61\x70\x3a\x72\x6f\x75\x6e\
\x64\x3b\x73\x74\x72\x6f\x6b\x65\x2d\x6c\x69\x6e\x65\x6a\x6f\x69\
\x6e\x3a\x6d\x69\x74\x65\x72\x3b\x73\x74\x72\x6f\x6b\x65\x2d\x6d\
\x69\x74\x65\x72\x6c\x69\x6d\x69\x74\x3a\x34\x3b\x73\x74\x72\x6f\
\x6b\x65\x2d\x64\x61\x73\x68\x61\x72\x72\x61\x79\x3a\x6e\x6f\x6e\
\x65\x3b\x73\x74\x72\x6f\x6b\x65\x2d\x6f\x70\x61\x63\x69\x74\x79\
\x3a\x31\x22\x20\x2f\x3e\x0a\x3c\x2f\x73\x76\x67\x3e\x0a\
\x00\x00\x07\x9d\
\x3c\
\x3f\x78\x6d\x6c\x20\x76\x65\x72\x73\x69\x6f\x6e\x3d\x22\x31\x2e\
\x30\x22\x20\x65\x6e\x63\x6f\x64\x69\x6e\x67\x3d\x22\x55\x54\x46\
\x2d\x38\x22\x20\x73\x74\x61\x6e\x64\x61\x6c\x6f\x6e\x65\x3d\x22\
\x6e\x6f\x22\x3f\x3e\x0a\x3c\x73\x76\x67\x0a\x20\x20\x20\x78\x6d\
\x6c\x6e\x73\x3a\x64\x63\x3d\x22\x68\x74\x74\x70\x3a\x2f\x2f\x70\
\x75\x72\x6c\x2e\x6f\x72\x67\x2f\x64\x63\x2f\x65\x6c\x65\x6d\x65\
\x6e\x74\x73\x2f\x31\x2e\x31\x2f\x22\x0a\x20\x20\x20\x78\x6d\x6c\
\x6e\x73\x3a\x63\x63\x3d\x22\x68\x74\x74\x70\x3a\x2f\x2f\x63\x72\
\x65\x61\x74\x69\x76\x65\x63\x6f\x6d\x6d\x6f\x6e\x73\x2e\x6f\x72\
\x67\x2f\x6e\x73\x23\x22\x0a\x20\x20\x20\x78\x6d\x6c\x6e\x73\x3a\
\x72\x64\x66\x3d\x22\x68\x74\x74\x70\x3a\x2f\x2f\x77\x77\x77\x2e\
\x77\x33\x2e\x6f\x72\x67\x2f\x31\x39\x39\x39\x2f\x30\x32\x2f\x32\
\x32\x2d\x72\x64\x66\x2d\x73\x79\x6e\x74\x61\x78\x2d\x6e\x73\x23\
\x22\x0a\x20\x20\x20\x78\x6d\x6c\x6e\x73\x3a\x73\x76\x67\x3d\x22\
\x68\x74\x74\x70\x3a\x2f\x2f\x77\x77\x77\x2e\x77\x33\x2e\x6f\x72\
\x67\x2f\x32\x30\x30\x30\x2f\x73\x76\x67\x22\x0a\x20\x20\x20\x78\
\x6d\x6c\x6e\x73\x3d\x22\x68\x74\x74\x70\x3a\x2f\x2f\x77\x77\x77\
\x2e\x77\x33\x2e\x6f\x72\x67\x2f\x32\x30\x30\x30\x2f\x73\x76\x67\
\x22\x0a\x20\x20\x20\x78\x6d\x6c\x6e\x73\x3a\x73\x6f\x64\x69\x70\
\x6f\x64\x69\x3d\x22\x68\x74\x74\x70\x3a\x2f\x2f\x73\x6f\x64\x69\
\x70\x6f\x64\x69\x2e\x73\x6f\x75\x72\x63\x65\x66\x6f\x72\x67\x65\
\x2e\x6e\x65\x74\x2f\x44\x54\x44\x2f\x73\x6f\x64\x69\x70\x6f\x64\
\x69\x2d\x30\x2e\x64\x74\x64\x22\x0a\x20\x20\x20\x78\x6d\x6c\x6e\
\x73\x3a\x69\x6e\x6b\x73\x63\x61\x70\x65\x3d\x22\x68\x74\x74\x70\
\x3a\x2f\x2f\x77\x77\x77\x2e\x69\x6e\x6b\x73\x63\x61\x70\x65\x2e\
\x6f\x72\x67\x2f\x6e\x61\x6d\x65\x73\x70\x61\x63\x65\x73\x2f\x69\
\x6e\x6b\x73\x63\x61\x70\x65\x22\x0a\x20\x20\x20\x69\x6e\x6b\x73\
\x63\x61\x70\x65\x3a\x76\x65\x72\x73\x69\x6f\x6e\x3d\x22\x31\x2e\
\x30\x72\x63\x31\x20\x28\x30\x39\x39\x36\x30\x64\x36\x66\x30\x35\
\x2c\x20\x32\x30\x32\x30\x2d\x30\x34\x2d\x30\x39\x29\x22\x0a\x20\
\x20\x20\x73\x6f\x64\x69\x70\x6f\x64\x69\x3a\x64\x6f\x63\x6e\x61\
\x6d\x65\x3d\x22\x61\x6c\x65\x72\x74\x2d\x6f\x63\x74\x61\x67\x6f\
\x6e\x2d\x72\x65\x64\x2e\x73\x76\x67\x22\x0a\x20\x20\x20\x69\x64\
\x3d\x22\x73\x76\x67\x38\x22\x0a\x20\x20\x20\x76\x65\x72\x73\x69\
\x6f\x6e\x3d\x22\x31\x2e\x31\x22\x0a\x20\x20\x20\x63\x6c\x61\x73\
\x73\x3d\x22\x66\x65\x61\x74\x68\x65\x72\x20\x66\x65\x61\x74\x68\
\x65\x72\x2d\x61\x6c\x65\x72\x74\x2d\x6f\x63\x74\x61\x67\x6f\x6e\
\x22\x0a\x20\x20\x20\x73\x74\x72\x6f\x6b\x65\x2d\x6c\x69\x6e\x65\
\x6a\x6f\x69\x6e\x3d\x22\x72\x6f\x75\x6e\x64\x22\x0a\x20\x20\x20\
\x73\x74\x72\x6f\x6b\x65\x2d\x6c\x69\x6e\x65\x63\x61\x70\x3d\x22\
\x72\x6f\x75\x6e\x64\x22\x0a\x20\x20\x20\x73\x74\x72\x6f\x6b\x65\
\x2d\x77\x69\x64\x74\x68\x3d\x22\x32\x22\x0a\x20\x20\x20\x73\x74\
\x72\x6f\x6b\x65\x3d\x22\x63\x75\x72\x72\x65\x6e\x74\x43\x6f\x6c\
\x6f\x72\x22\x0a\x20\x20\x20\x66\x69\x6c\x6c\x3d\x22\x6e\x6f\x6e\
\x65\x22\x0a\x20\x20\x20\x76\x69\x65\x77\x42\x6f\x78\x3d\x22\x30\
\x20\x30\x20\x32\x34\x20\x32\x34\x22\x0a\x20\x20\x20\x68\x65\x69\
\x67\x68\x74\x3d\x22\x32\x34\x22\x0a\x20\x20\x20\x77\x69\x64\x74\
\x68\x3d\x22\x32\x34\x22\x3e\x0a\x20\x20\x3c\x6d\x65\x74\x61\x64\
\x61\x74\x61\x0a\x20\x20\x20\x20\x20\x69\x64\x3d\x22\x6d\x65\x74\
\x61\x64\x61\x74\x61\x31\x34\x22\x3e\x0a\x20\x20\x20\x20\x3c\x72\
\x64\x66\x3a\x52\x44\x46\x3e\x0a\x20\x20\x20\x20\x20\x20\x3c\x63\
\x63\x3a\x57\x6f\x72\x6b\x0a\x20\x20\x20\x20\x20\x20\x20\x20\x20\
\x72\x64\x66\x3a\x61\x62\x6f\x75\x74\x3d\x22\x22\x3e\x0a\x20\x20\
\x20\x20\x20\x20\x20\x20\x3c\x64\x63\x3a\x66\x6f\x72\x6d\x61\x74\
\x3e\x69\x6d\x61\x67\x65\x2f\x73\x76\x67\x2b\x78\x6d\x6c\x3c\x2f\
\x64\x63\x3a\x66\x6f\x72\x6d\x61\x74\x3e\x0a\x20\x20\x20\x20\x20\
\x20\x20\x20\x3c\x64\x63\x3a\x74\x79\x70\x65\x0a\x20\x20\x20\x20\
\x20\x20\x20\x20\x20\x20\x20\x72\x64\x66\x3a\x72\x65\x73\x6f\x75\
\x72\x63\x65\x3d\x22\x68\x74\x74\x70\x3a\x2f\x2f\x70\x75\x72\x6c\
\x2e\x6f\x72\x67\x2f\x64\x63\x2f\x64\x63\x6d\x69\x74\x79\x70\x65\
\x2f\x53\x74\x69\x6c\x6c\x49\x6d\x61\x67\x65\x22\x20\x2f\x3e\x0a\
\x20\x20\x20\x20\x20\x20\x20\x20\x3c\x64\x63\x3a\x74\x69\x74\x6c\
\x65\x3e\x3c\x2f\x64\x63\x3a\x74\x69\x74\x6c\x65\x3e\x0a\x20\x20\
\x20\x20\x20\x20\x3c\x2f\x63\x63\x3a\x57\x6f\x72\x6b\x3e\x0a\x20\
\x20\x20\x20\x3c\x2f\x72\x64\x66\x3a\x52\x44\x46\x3e\x0a\x20\x20\
\x3c\x2f\x6d\x65\x74\x61\x64\x61\x74\x61\x3e\x0a\x20\x20\x3c\x64\
\x65\x66\x73\x0a\x20\x20\x20\x20\x20\x69\x64\x3d\x22\x64\x65\x66\
\x73\x31\x32\x22\x20\x2f\x3e\x0a\x20\x20\x3c\x73\x6f\x64\x69\x70\
\x6f\x64\x69\x3a\x6e\x61\x6d\x65\x64\x76\x69\x65\x77\x0a\x20\x20\
\x20\x20\x20\x69\x6e\x6b\x73\x63\x61\x70\x65\x3a\x63\x75\x72\x72\
\x65\x6e\x74\x2d\x6c\x61\x79\x65\x72\x3d\x22\x73\x76\x67\x38\x22\
\x0a\x20\x20\x20\x20\x20\x69\x6e\x6b\x73\x63\x61\x70\x65\x3a\x77\
\x69\x6e\x64\x6f\x77\x2d\x6d\x61\x78\x69\x6d\x69\x7a\x65\x64\x3d\
\x22\x30\x22\x0a\x20\x20\x20\x20\x20\x69\x6e\x6b\x73\x63\x61\x70\
\x65\x3a\x77\x69\x6e\x64\x6f\x77\x2d\x79\x3d\x22\x32\x38\x31\x22\
\x0a\x20\x20\x20\x20\x20\x69\x6e\x6b\x73\x63\x61\x70\x65\x3a\x77\
\x69\x6e\x64\x6f\x77\x2d\x78\x3d\x22\x31\x34\x33\x33\x22\x0a\x20\
\x20\x20\x20\x20\x69\x6e\x6b\x73\x63\x61\x70\x65\x3a\x63\x79\x3d\
\x22\x31\x32\x2e\x34\x30\x39\x37\x39\x37\x22\x0a\x20\x20\x20\x20\
\x20\x69\x6e\x6b\x73\x63\x61\x70\x65\x3a\x63\x78\x3d\x22\x31\x32\
\x2e\x38\x32\x38\x32\x31\x36\x22\x0a\x20\x20\x20\x20\x20\x69\x6e\
\x6b\x73\x63\x61\x70\x65\x3a\x7a\x6f\x6f\x6d\x3d\x22\x32\x31\x22\
\x0a\x20\x20\x20\x20\x20\x73\x68\x6f\x77\x67\x72\x69\x64\x3d\x22\
\x66\x61\x6c\x73\x65\x22\x0a\x20\x20\x20\x20\x20\x69\x64\x3d\x22\
\x6e\x61\x6d\x65\x64\x76\x69\x65\x77\x31\x30\x22\x0a\x20\x20\x20\
\x20\x20\x69\x6e\x6b\x73\x63\x61\x70\x65\x3a\x77\x69\x6e\x64\x6f\
\x77\x2d\x68\x65\x69\x67\x68\x74\x3d\x22\x39\x35\x39\x22\x0a\x20\
\x20\x20\x20\x20\x69\x6e\x6b\x73\x63\x61\x70\x65\x3a\x77\x69\x6e\
\x64\x6f\x77\x2d\x77\x69\x64\x74\x68\x3d\x22\x31\x35\x34\x32\x22\
\x0a\x20\x20\x20\x20\x20\x69\x6e\x6b\x73\x63\x61\x70\x65\x3a\x70\
\x61\x67\x65\x73\x68\x61\x64\x6f\x77\x3d\x22\x32\x22\x0a\x20\x20\
\x20\x20\x20\x69\x6e\x6b\x73\x63\x61\x70\x65\x3a\x70\x61\x67\x65\
\x6f\x70\x61\x63\x69\x74\x79\x3d\x22\x30\x22\x0a\x20\x20\x20\x20\
\x20\x67\x75\x69\x64\x65\x74\x6f\x6c\x65\x72\x61\x6e\x63\x65\x3d\
\x22\x31\x30\x22\x0a\x20\x20\x20\x20\x20\x67\x72\x69\x64\x74\x6f\
\x6c\x65\x72\x61\x6e\x63\x65\x3d\x22\x31\x30\x22\x0a\x20\x20\x20\
\x20\x20\x6f\x62\x6a\x65\x63\x74\x74\x6f\x6c\x65\x72\x61\x6e\x63\
\x65\x3d\x22\x31\x30\x22\x0a\x20\x20\x20\x20\x20\x62\x6f\x72\x64\
\x65\x72\x6f\x70\x61\x63\x69\x74\x79\x3d\x22\x31\x22\x0a\x20\x20\
\x20\x20\x20\x62\x6f\x72\x64\x65\x72\x63\x6f\x6c\x6f\x72\x3d\x22\
\x23\x36\x36\x36\x36\x36\x36\x22\x0a\x20\x20\x20\x20\x20\x70\x61\
\x67\x65\x63\x6f\x6c\x6f\x72\x3d\x22\x23\x66\x66\x66\x66\x66\x66\
\x22\x20\x2f\x3e\x0a\x20\x20\x3c\x70\x6f\x6c\x79\x67\x6f\x6e\x0a\
\x20\x20\x20\x20\x20\x73\x74\x79\x6c\x65\x3d\x22\x66\x69\x6c\x6c\
\x3a\x23\x30\x30\x66\x66\x30\x30\x22\x0a\x20\x20\x20\x20\x20\x69\
\x64\x3d\x22\x70\x6f\x6c\x79\x67\x6f\x6e\x32\x22\x0a\x20\x20\x20\
\x20\x20\x70\x6f\x69\x6e\x74\x73\x3d\x22\x37\x2e\x38\x36\x20\x32\
\x20\x31\x36\x2e\x31\x34\x20\x32\x20\x32\x32\x20\x37\x2e\x38\x36\
\x20\x32\x32\x20\x31\x36\x2e\x31\x34\x20\x31\x36\x2e\x31\x34\x20\
\x32\x32\x20\x37\x2e\x38\x36\x20\x32\x32\x20\x32\x20\x31\x36\x2e\
\x31\x34\x20\x32\x20\x37\x2e\x38\x36\x20\x37\x2e\x38\x36\x20\x32\
\x22\x20\x2f\x3e\x0a\x20\x20\x3c\x6c\x69\x6e\x65\x0a\x20\x20\x20\
\x20\x20\x69\x64\x3d\x22\x6c\x69\x6e\x65\x34\x22\x0a\x20\x20\x20\
\x20\x20\x79\x32\x3d\x22\x31\x32\x22\x0a\x20\x20\x20\x20\x20\x78\
\x32\x3d\x22\x31\x32\x22\x0a\x20\x20\x20\x20\x20\x79\x31\x3d\x22\
\x38\x22\x0a\x20\x20\x20\x20\x20\x78\x31\x3d\x22\x31\x32\x22\x20\
\x2f\x3e\x0a\x20\x20\x3c\x6c\x69\x6e\x65\x0a\x20\x20\x20\x20\x20\
\x69\x64\x3d\x22\x6c\x69\x6e\x65\x36\x22\x0a\x20\x20\x20\x20\x20\
\x79\x32\x3d\x22\x31\x36\x22\x0a\x20\x20\x20\x20\x20\x78\x32\x3d\
\x22\x31\x32\x2e\x30\x31\x22\x0a\x20\x20\x20\x20\x20\x79\x31\x3d\
\x22\x31\x36\x22\x0a\x20\x20\x20\x20\x20\x78\x31\x3d\x22\x31\x32\
\x22\x20\x2f\x3e\x0a\x3c\x2f\x73\x76\x67\x3e\x0a\
\x00\x00\x01\x90\
\x3c\
\x73\x76\x67\x20\x78\x6d\x6c\x6e\x73\x3d\x22\x68\x74\x74\x70\x3a\
\x2f\x2f\x77\x77\x77\x2e\x77\x33\x2e\x6f\x72\x67\x2f\x32\x30\x30\
\x30\x2f\x73\x76\x67\x22\x20\x77\x69\x64\x74\x68\x3d\x22\x32\x34\
\x22\x20\x68\x65\x69\x67\x68\x74\x3d\x22\x32\x34\x22\x20\x76\x69\
\x65\x77\x42\x6f\x78\x3d\x22\x30\x20\x30\x20\x32\x34\x20\x32\x34\
\x22\x20\x66\x69\x6c\x6c\x3d\x22\x6e\x6f\x6e\x65\x22\x20\x73\x74\
\x72\x6f\x6b\x65\x3d\x22\x63\x75\x72\x72\x65\x6e\x74\x43\x6f\x6c\
\x6f\x72\x22\x20\x73\x74\x72\x6f\x6b\x65\x2d\x77\x69\x64\x74\x68\
\x3d\x22\x32\x22\x20\x73\x74\x72\x6f\x6b\x65\x2d\x6c\x69\x6e\x65\
\x63\x61\x70\x3d\x22\x72\x6f\x75\x6e\x64\x22\x20\x73\x74\x72\x6f\
\x6b\x65\x2d\x6c\x69\x6e\x65\x6a\x6f\x69\x6e\x3d\x22\x72\x6f\x75\
\x6e\x64\x22\x20\x63\x6c\x61\x73\x73\x3d\x22\x66\x65\x61\x74\x68\
\x65\x72\x20\x66\x65\x61\x74\x68\x65\x72\x2d\x72\x65\x66\x72\x65\
\x73\x68\x2d\x63\x77\x22\x3e\x3c\x70\x6f\x6c\x79\x6c\x69\x6e\x65\
\x20\x70\x6f\x69\x6e\x74\x73\x3d\x22\x32\x33\x20\x34\x20\x32\x33\
\x20\x31\x30\x20\x31\x37\x20\x31\x30\x22\x3e\x3c\x2f\x70\x6f\x6c\
\x79\x6c\x69\x6e\x65\x3e\x3c\x70\x6f\x6c\x79\x6c\x69\x6e\x65\x20\
\x70\x6f\x69\x6e\x74\x73\x3d\x22\x31\x20\x32\x30\x20\x31\x20\x31\
\x34\x20\x37\x20\x31\x34\x22\x3e\x3c\x2f\x70\x6f\x6c\x79\x6c\x69\
\x6e\x65\x3e\x3c\x70\x61\x74\x68\x20\x64\x3d\x22\x4d\x33\x2e\x35\
\x31\x20\x39\x61\x39\x20\x39\x20\x30\x20\x30\x20\x31\x20\x31\x34\
\x2e\x38\x35\x2d\x33\x2e\x33\x36\x4c\x32\x33\x20\x31\x30\x4d\x31\
\x20\x31\x34\x6c\x34\x2e\x36\x34\x20\x34\x2e\x33\x36\x41\x39\x20\
\x39\x20\x30\x20\x30\x20\x30\x20\x32\x30\x2e\x34\x39\x20\x31\x35\
\x22\x3e\x3c\x2f\x70\x61\x74\x68\x3e\x3c\x2f\x73\x76\x67\x3e\
\x00\x00\x01\x76\
\x3c\
\x73\x76\x67\x20\x78\x6d\x6c\x6e\x73\x3d\x22\x68\x74\x74\x70\x3a\
\x2f\x2f\x77\x77\x77\x2e\x77\x33\x2e\x6f\x72\x67\x2f\x32\x30\x30\
\x30\x2f\x73\x76\x67\x22\x20\x77\x69\x64\x74\x68\x3d\x22\x32\x34\
\x22\x20\x68\x65\x69\x67\x68\x74\x3d\x22\x32\x34\x22\x20\x76\x69\
\x65\x77\x42\x6f\x78\x3d\x22\x30\x20\x30\x20\x32\x34\x20\x32\x34\
\x22\x20\x66\x69\x6c\x6c\x3d\x22\x6e\x6f\x6e\x65\x22\x20\x73\x74\
\x72\x6f\x6b\x65\x3d\x22\x63\x75\x72\x72\x65\x6e\x74\x43\x6f\x6c\
\x6f\x72\x22\x20\x73\x74\x72\x6f\x6b\x65\x2d\x77\x69\x64\x74\x68\
\x3d\x22\x32\x22\x20\x73\x74\x72\x6f\x6b\x65\x2d\x6c\x69\x6e\x65\
\x63\x61\x70\x3d\x22\x72\x6f\x75\x6e\x64\x22\x20\x73\x74\x72\x6f\
\x6b\x65\x2d\x6c\x69\x6e\x65\x6a\x6f\x69\x6e\x3d\x22\x72\x6f\x75\
\x6e\x64\x22\x20\x63\x6c\x61\x73\x73\x3d\x22\x66\x65\x61\x74\x68\
\x65\x72\x20\x66\x65\x61\x74\x68\x65\x72\x2d\x64\x65\x6c\x65\x74\
\x65\x22\x3e\x3c\x70\x61\x74\x68\x20\x64\x3d\x22\x4d\x32\x31\x20\
\x34\x48\x38\x6c\x2d\x37\x20\x38\x20\x37\x20\x38\x68\x31\x33\x61\
\x32\x20\x32\x20\x30\x20\x30\x20\x30\x20\x32\x2d\x32\x56\x36\x61\
\x32\x20\x32\x20\x30\x20\x30\x20\x30\x2d\x32\x2d\x32\x7a\x22\x3e\
\x3c\x2f\x70\x61\x74\x68\x3e\x3c\x6c\x69\x6e\x65\x20\x78\x31\x3d\
\x22\x31\x38\x22\x20\x79\x31\x3d\x22\x39\x22\x20\x78\x32\x3d\x22\
\x31\x32\x22\x20\x79\x32\x3d\x22\x31\x35\x22\x3e\x3c\x2f\x6c\x69\
\x6e\x65\x3e\x3c\x6c\x69\x6e\x65\x20\x78\x31\x3d\x22\x31\x32\x22\
\x20\x79\x31\x3d\x22\x39\x22\x20\x78\x32\x3d\x22\x31\x38\x22\x20\
\x79\x32\x3d\x22\x31\x35\x22\x3e\x3c\x2f\x6c\x69\x6e\x65\x3e\x3c\
\x2f\x73\x76\x67\x3e\
\x00\x00\x07\x9d\
\x3c\
\x3f\x78\x6d\x6c\x20\x76\x65\x72\x73\x69\x6f\x6e\x3d\x22\x31\x2e\
\x30\x22\x20\x65\x6e\x63\x6f\x64\x69\x6e\x67\x3d\x22\x55\x54\x46\
\x2d\x38\x22\x20\x73\x74\x61\x6e\x64\x61\x6c\x6f\x6e\x65\x3d\x22\
\x6e\x6f\x22\x3f\x3e\x0a\x3c\x73\x76\x67\x0a\x20\x20\x20\x78\x6d\
\x6c\x6e\x73\x3a\x64\x63\x3d\x22\x68\x74\x74\x70\x3a\x2f\x2f\x70\
\x75\x72\x6c\x2e\x6f\x72\x67\x2f\x64\x63\x2f\x65\x6c\x65\x6d\x65\
\x6e\x74\x73\x2f\x31\x2e\x31\x2f\x22\x0a\x20\x20\x20\x78\x6d\x6c\
\x6e\x73\x3a\x63\x63\x3d\x22\x68\x74\x74\x70\x3a\x2f\x2f\x63\x72\
\x65\x61\x74\x69\x76\x65\x63\x6f\x6d\x6d\x6f\x6e\x73\x2e\x6f\x72\
\x67\x2f\x6e\x73\x23\x22\x0a\x20\x20\x20\x78\x6d\x6c\x6e\x73\x3a\
\x72\x64\x66\x3d\x22\x68\x74\x74\x70\x3a\x2f\x2f\x77\x77\x77\x2e\
\x77\x33\x2e\x6f\x72\x67\x2f\x31\x39\x39\x39\x2f\x30\x32\x2f\x32\
\x32\x2d\x72\x64\x66\x2d\x73\x79\x6e\x74\x61\x78\x2d\x6e\x73\x23\
\x22\x0a\x20\x20\x20\x78\x6d\x6c\x6e\x73\x3a\x73\x76\x67\x3d\x22\
\x68\x74\x74\x70\x3a\x2f\x2f\x77\x77\x77\x2e\x77\x33\x2e\x6f\x72\
\x67\x2f\x32\x30\x30\x30\x2f\x73\x76\x67\x22\x0a\x20\x20\x20\x78\
\x6d\x6c\x6e\x73\x3d\x22\x68\x74\x74\x70\x3a\x2f\x2f\x77\x77\x77\
\x2e\x77\x33\x2e\x6f\x72\x67\x2f\x32\x30\x30\x30\x2f\x73\x76\x67\
\x22\x0a\x20\x20\x20\x78\x6d\x6c\x6e\x73\x3a\x73\x6f\x64\x69\x70\
\x6f\x64\x69\x3d\x22\x68\x74\x74\x70\x3a\x2f\x2f\x73\x6f\x64\x69\
\x70\x6f\x64\x69\x2e\x73\x6f\x75\x72\x63\x65\x66\x6f\x72\x67\x65\
\x2e\x6e\x65\x74\x2f\x44\x54\x44\x2f\x73\x6f\x64\x69\x70\x6f\x64\
\x69\x2d\x30\x2e\x64\x74\x64\x22\x0a\x20\x20\x20\x78\x6d\x6c\x6e\
\x73\x3a\x69\x6e\x6b\x73\x63\x61\x70\x65\x3d\x22\x68\x74\x74\x70\
\x3a\x2f\x2f\x77\x77\x77\x2e\x69\x6e\x6b\x73\x63\x61\x70\x65\x2e\
\x6f\x72\x67\x2f\x6e\x61\x6d\x65\x73\x70\x61\x63\x65\x73\x2f\x69\
\x6e\x6b\x73\x63\x61\x70\x65\x22\x0a\x20\x20\x20\x69\x6e\x6b\x73\
\x63\x61\x70\x65\x3a\x76\x65\x72\x73\x69\x6f\x6e\x3d\x22\x31\x2e\
\x30\x72\x63\x31\x20\x28\x30\x39\x39\x36\x30\x64\x36\x66\x30\x35\
\x2c\x20\x32\x30\x32\x30\x2d\x30\x34\x2d\x30\x39\x29\x22\x0a\x20\
\x20\x20\x73\x6f\x64\x69\x70\x6f\x64\x69\x3a\x64\x6f\x63\x6e\x61\
\x6d\x65\x3d\x22\x61\x6c\x65\x72\x74\x2d\x6f\x63\x74\x61\x67\x6f\
\x6e\x2d\x72\x65\x64\x2e\x73\x76\x67\x22\x0a\x20\x20\x20\x69\x64\
\x3d\x22\x73\x76\x67\x38\x22\x0a\x20\x20\x20\x76\x65\x72\x73\x69\
\x6f\x6e\x3d\x22\x31\x2e\x31\x22\x0a\x20\x20\x20\x63\x6c\x61\x73\
\x73\x3d\x22\x66\x65\x61\x74\x68\x65\x72\x20\x66\x65\x61\x74\x68\
\x65\x72\x2d\x61\x6c\x65\x72\x74\x2d\x6f\x63\x74\x61\x67\x6f\x6e\
\x22\x0a\x20\x20\x20\x73\x74\x72\x6f\x6b\x65\x2d\x6c\x69\x6e\x65\
\x6a\x6f\x69\x6e\x3d\x22\x72\x6f\x75\x6e\x64\x22\x0a\x20\x20\x20\
\x73\x74\x72\x6f\x6b\x65\x2d\x6c\x69\x6e\x65\x63\x61\x70\x3d\x22\
\x72\x6f\x75\x6e\x64\x22\x0a\x20\x20\x20\x73\x74\x72\x6f\x6b\x65\
\x2d\x77\x69\x64\x74\x68\x3d\x22\x32\x22\x0a\x20\x20\x20\x73\x74\
\x72\x6f\x6b\x65\x3d\x22\x63\x75\x72\x72\x65\x6e\x74\x43\x6f\x6c\
\x6f\x72\x22\x0a\x20\x20\x20\x66\x69\x6c\x6c\x3d\x22\x6e\x6f\x6e\
\x65\x22\x0a\x20\x20\x20\x76\x69\x65\x77\x42\x6f\x78\x3d\x22\x30\
\x20\x30\x20\x32\x34\x20\x32\x34\x22\x0a\x20\x20\x20\x68\x65\x69\
\x67\x68\x74\x3d\x22\x32\x34\x22\x0a\x20\x20\x20\x77\x69\x64\x74\
\x68\x3d\x22\x32\x34\x22\x3e\x0a\x20\x20\x3c\x6d\x65\x74\x61\x64\
\x61\x74\x61\x0a\x20\x20\x20\x20\x20\x69\x64\x3d\x22\x6d\x65\x74\
\x61\x64\x61\x74\x61\x31\x34\x22\x3e\x0a\x20\x20\x20\x20\x3c\x72\
\x64\x66\x3a\x52\x44\x46\x3e\x0a\x20\x20\x20\x20\x20\x20\x3c\x63\
\x63\x3a\x57\x6f\x72\x6b\x0a\x20\x20\x20\x20\x20\x20\x20\x20\x20\
\x72\x64\x66\x3a\x61\x62\x6f\x75\x74\x3d\x22\x22\x3e\x0a\x20\x20\
\x20\x20\x20\x20\x20\x20\x3c\x64\x63\x3a\x66\x6f\x72\x6d\x61\x74\
\x3e\x69\x6d\x61\x67\x65\x2f\x73\x76\x67\x2b\x78\x6d\x6c\x3c\x2f\
\x64\x63\x3a\x66\x6f\x72\x6d\x61\x74\x3e\x0a\x20\x20\x20\x20\x20\
\x20\x20\x20\x3c\x64\x63\x3a\x74\x79\x70\x65\x0a\x20\x20\x20\x20\
\x20\x20\x20\x20\x20\x20\x20\x72\x64\x66\x3a\x72\x65\x73\x6f\x75\
\x72\x63\x65\x3d\x22\x68\x74\x74\x70\x3a\x2f\x2f\x70\x75\x72\x6c\
\x2e\x6f\x72\x67\x2f\x64\x63\x2f\x64\x63\x6d\x69\x74\x79\x70\x65\
\x2f\x53\x74\x69\x6c\x6c\x49\x6d\x61\x67\x65\x22\x20\x2f\x3e\x0a\
\x20\x20\x20\x20\x20\x20\x20\x20\x3c\x64\x63\x3a\x74\x69\x74\x6c\
\x65\x3e\x3c\x2f\x64\x63\x3a\x74\x69\x74\x6c\x65\x3e\x0a\x20\x20\
\x20\x20\x20\x20\x3c\x2f\x63\x63\x3a\x57\x6f\x72\x6b\x3e\x0a\x20\
\x20\x20\x20\x3c\x2f\x72\x64\x66\x3a\x52\x44\x46\x3e\x0a\x20\x20\
\x3c\x2f\x6d\x65\x74\x61\x64\x61\x74\x61\x3e\x0a\x20\x20\x3c\x64\
\x65\x66\x73\x0a\x20\x20\x20\x20\x20\x69\x64\x3d\x22\x64\x65\x66\
\x73\x31\x32\x22\x20\x2f\x3e\x0a\x20\x20\x3c\x73\x6f\x64\x69\x70\
\x6f\x64\x69\x3a\x6e\x61\x6d\x65\x64\x76\x69\x65\x77\x0a\x20\x20\
\x20\x20\x20\x69\x6e\x6b\x73\x63\x61\x70\x65\x3a\x63\x75\x72\x72\
\x65\x6e\x74\x2d\x6c\x61\x79\x65\x72\x3d\x22\x73\x76\x67\x38\x22\
\x0a\x20\x20\x20\x20\x20\x69\x6e\x6b\x73\x63\x61\x70\x65\x3a\x77\
\x69\x6e\x64\x6f\x77\x2d\x6d\x61\x78\x69\x6d\x69\x7a\x65\x64\x3d\
\x22\x30\x22\x0a\x20\x20\x20\x20\x20\x69\x6e\x6b\x73\x63\x61\x70\
\x65\x3a\x77\x69\x6e\x64\x6f\x77\x2d\x79\x3d\x22\x32\x38\x31\x22\
\x0a\x20\x20\x20\x20\x20\x69\x6e\x6b\x73\x63\x61\x70\x65\x3a\x77\
\x69\x6e\x64\x6f\x77\x2d\x78\x3d\x22\x31\x34\x33\x33\x22\x0a\x20\
\x20\x20\x20\x20\x69\x6e\x6b\x73\x63\x61\x70\x65\x3a\x63\x79\x3d\
\x22\x31\x32\x2e\x34\x30\x39\x37\x39\x37\x22\x0a\x20\x20\x20\x20\
\x20\x69\x6e\x6b\x73\x63\x61\x70\x65\x3a\x63\x78\x3d\x22\x31\x32\
\x2e\x38\x32\x38\x32\x31\x36\x22\x0a\x20\x20\x20\x20\x20\x69\x6e\
\x6b\x73\x63\x61\x70\x65\x3a\x7a\x6f\x6f\x6d\x3d\x22\x32\x31\x22\
\x0a\x20\x20\x20\x20\x20\x73\x68\x6f\x77\x67\x72\x69\x64\x3d\x22\
\x66\x61\x6c\x73\x65\x22\x0a\x20\x20\x20\x20\x20\x69\x64\x3d\x22\
\x6e\x61\x6d\x65\x64\x76\x69\x65\x77\x31\x30\x22\x0a\x20\x20\x20\
\x20\x20\x69\x6e\x6b\x73\x63\x61\x70\x65\x3a\x77\x69\x6e\x64\x6f\
\x77\x2d\x68\x65\x69\x67\x68\x74\x3d\x22\x39\x35\x39\x22\x0a\x20\
\x20\x20\x20\x20\x69\x6e\x6b\x73\x63\x61\x70\x65\x3a\x77\x69\x6e\
\x64\x6f\x77\x2d\x77\x69\x64\x74\x68\x3d\x22\x31\x35\x34\x32\x22\
\x0a\x20\x20\x20\x20\x20\x69\x6e\x6b\x73\x63\x61\x70\x65\x3a\x70\
\x61\x67\x65\x73\x68\x61\x64\x6f\x77\x3d\x22\x32\x22\x0a\x20\x20\
\x20\x20\x20\x69\x6e\x6b\x73\x63\x61\x70\x65\x3a\x70\x61\x67\x65\
\x6f\x70\x61\x63\x69\x74\x79\x3d\x22\x30\x22\x0a\x20\x20\x20\x20\
\x20\x67\x75\x69\x64\x65\x74\x6f\x6c\x65\x72\x61\x6e\x63\x65\x3d\
\x22\x31\x30\x22\x0a\x20\x20\x20\x20\x20\x67\x72\x69\x64\x74\x6f\
\x6c\x65\x72\x61\x6e\x63\x65\x3d\x22\x31\x30\x22\x0a\x20\x20\x20\
\x20\x20\x6f\x62\x6a\x65\x63\x74\x74\x6f\x6c\x65\x72\x61\x6e\x63\
\x65\x3d\x22\x31\x30\x22\x0a\x20\x20\x20\x20\x20\x62\x6f\x72\x64\
\x65\x72\x6f\x70\x61\x63\x69\x74\x79\x3d\x22\x31\x22\x0a\x20\x20\
\x20\x20\x20\x62\x6f\x72\x64\x65\x72\x63\x6f\x6c\x6f\x72\x3d\x22\
\x23\x36\x36\x36\x36\x36\x36\x22\x0a\x20\x20\x20\x20\x20\x70\x61\
\x67\x65\x63\x6f\x6c\x6f\x72\x3d\x22\x23\x66\x66\x66\x66\x66\x66\
\x22\x20\x2f\x3e\x0a\x20\x20\x3c\x70\x6f\x6c\x79\x67\x6f\x6e\x0a\
\x20\x20\x20\x20\x20\x73\x74\x79\x6c\x65\x3d\x22\x66\x69\x6c\x6c\
\x3a\x23\x66\x66\x30\x30\x30\x30\x22\x0a\x20\x20\x20\x20\x20\x69\
\x64\x3d\x22\x70\x6f\x6c\x79\x67\x6f\x6e\x32\x22\x0a\x20\x20\x20\
\x20\x20\x70\x6f\x69\x6e\x74\x73\x3d\x22\x37\x2e\x38\x36\x20\x32\
\x20\x31\x36\x2e\x31\x34\x20\x32\x20\x32\x32\x20\x37\x2e\x38\x36\
\x20\x32\x32\x20\x31\x36\x2e\x31\x34\x20\x31\x36\x2e\x31\x34\x20\
\x32\x32\x20\x37\x2e\x38\x36\x20\x32\x32\x20\x32\x20\x31\x36\x2e\
\x31\x34\x20\x32\x20\x37\x2e\x38\x36\x20\x37\x2e\x38\x36\x20\x32\
\x22\x20\x2f\x3e\x0a\x20\x20\x3c\x6c\x69\x6e\x65\x0a\x20\x20\x20\
\x20\x20\x69\x64\x3d\x22\x6c\x69\x6e\x65\x34\x22\x0a\x20\x20\x20\
\x20\x20\x79\x32\x3d\x22\x31\x32\x22\x0a\x20\x20\x20\x20\x20\x78\
\x32\x3d\x22\x31\x32\x22\x0a\x20\x20\x20\x20\x20\x79\x31\x3d\x22\
\x38\x22\x0a\x20\x20\x20\x20\x20\x78\x31\x3d\x22\x31\x32\x22\x20\
\x2f\x3e\x0a\x20\x20\x3c\x6c\x69\x6e\x65\x0a\x20\x20\x20\x20\x20\
\x69\x64\x3d\x22\x6c\x69\x6e\x65\x36\x22\x0a\x20\x20\x20\x20\x20\
\x79\x32\x3d\x22\x31\x36\x22\x0a\x20\x20\x20\x20\x20\x78\x32\x3d\
\x22\x31\x32\x2e\x30\x31\x22\x0a\x20\x20\x20\x20\x20\x79\x31\x3d\
\x22\x31\x36\x22\x0a\x20\x20\x20\x20\x20\x78\x31\x3d\x22\x31\x32\
\x22\x20\x2f\x3e\x0a\x3c\x2f\x73\x76\x67\x3e\x0a\
\x00\x00\x06\x4c\
\x3c\
\x73\x76\x67\x20\x77\x69\x64\x74\x68\x3d\x22\x38\x30\x22\x20\x68\
\x65\x69\x67\x68\x74\x3d\x22\x38\x30\x22\x20\x78\x6d\x6c\x6e\x73\
\x3d\x22\x68\x74\x74\x70\x3a\x2f\x2f\x77\x77\x77\x2e\x77\x33\x2e\
\x6f\x72\x67\x2f\x32\x30\x30\x30\x2f\x73\x76\x67\x22\x20\x66\x69\
\x6c\x6c\x3d\x22\x6e\x6f\x6e\x65\x22\x3e\x0a\x20\x3c\x67\x3e\x0a\
\x20\x20\x3c\x74\x69\x74\x6c\x65\x3e\x4c\x61\x79\x65\x72\x20\x31\
\x3c\x2f\x74\x69\x74\x6c\x65\x3e\x0a\x20\x20\x3c\x70\x61\x74\x68\
\x20\x66\x69\x6c\x6c\x2d\x72\x75\x6c\x65\x3d\x22\x65\x76\x65\x6e\
\x6f\x64\x64\x22\x20\x63\x6c\x69\x70\x2d\x72\x75\x6c\x65\x3d\x22\
\x65\x76\x65\x6e\x6f\x64\x64\x22\x20\x64\x3d\x22\x6d\x33\x33\x2e\
\x39\x32\x35\x36\x2c\x39\x2e\x36\x39\x33\x32\x34\x63\x2d\x30\x2e\
\x37\x36\x30\x38\x2c\x30\x20\x2d\x31\x2e\x34\x38\x30\x32\x2c\x30\
\x2e\x33\x34\x36\x34\x33\x20\x2d\x31\x2e\x39\x35\x34\x35\x2c\x30\
\x2e\x39\x34\x31\x32\x33\x6c\x2d\x35\x2e\x33\x32\x31\x2c\x36\x2e\
\x36\x37\x32\x33\x6c\x2d\x31\x31\x2e\x36\x35\x30\x31\x2c\x30\x63\
\x2d\x31\x2e\x33\x38\x30\x37\x2c\x30\x20\x2d\x32\x2e\x35\x2c\x31\
\x2e\x31\x31\x39\x33\x20\x2d\x32\x2e\x35\x2c\x32\x2e\x35\x63\x30\
\x2c\x31\x2e\x33\x38\x30\x37\x20\x31\x2e\x31\x31\x39\x33\x2c\x32\
\x2e\x35\x20\x32\x2e\x35\x2c\x32\x2e\x35\x6c\x31\x2e\x35\x2c\x30\
\x6c\x30\x2c\x34\x31\x2e\x35\x63\x30\x2c\x33\x2e\x35\x38\x39\x39\
\x20\x32\x2e\x39\x31\x30\x31\x2c\x36\x2e\x35\x20\x36\x2e\x35\x2c\
\x36\x2e\x35\x6c\x33\x34\x2c\x30\x63\x33\x2e\x35\x38\x39\x38\x2c\
\x30\x20\x36\x2e\x35\x2c\x2d\x32\x2e\x39\x31\x30\x31\x20\x36\x2e\
\x35\x2c\x2d\x36\x2e\x35\x6c\x30\x2c\x2d\x34\x31\x2e\x35\x6c\x31\
\x2e\x35\x2c\x30\x63\x31\x2e\x33\x38\x30\x37\x2c\x30\x20\x32\x2e\
\x35\x2c\x2d\x31\x2e\x31\x31\x39\x33\x20\x32\x2e\x35\x2c\x2d\x32\
\x2e\x35\x63\x30\x2c\x2d\x31\x2e\x33\x38\x30\x37\x20\x2d\x31\x2e\
\x31\x31\x39\x33\x2c\x2d\x32\x2e\x35\x20\x2d\x32\x2e\x35\x2c\x2d\
\x32\x2e\x35\x6c\x2d\x31\x31\x2e\x36\x35\x30\x31\x2c\x30\x6c\x2d\
\x35\x2e\x33\x32\x30\x39\x2c\x2d\x36\x2e\x36\x37\x32\x32\x63\x2d\
\x30\x2e\x34\x37\x34\x34\x2c\x2d\x30\x2e\x35\x39\x34\x39\x20\x2d\
\x31\x2e\x31\x39\x33\x38\x2c\x2d\x30\x2e\x39\x34\x31\x33\x33\x20\
\x2d\x31\x2e\x39\x35\x34\x36\x2c\x2d\x30\x2e\x39\x34\x31\x33\x33\
\x6c\x2d\x31\x32\x2e\x31\x34\x38\x38\x2c\x30\x7a\x6d\x2d\x30\x2e\
\x39\x32\x35\x36\x2c\x31\x37\x2e\x36\x31\x33\x35\x33\x63\x31\x2e\
\x33\x38\x30\x37\x2c\x30\x20\x32\x2e\x35\x2c\x31\x2e\x31\x31\x39\
\x33\x20\x32\x2e\x35\x2c\x32\x2e\x35\x6c\x30\x2c\x32\x38\x63\x30\
\x2c\x31\x2e\x33\x38\x30\x37\x20\x2d\x31\x2e\x31\x31\x39\x33\x2c\
\x32\x2e\x35\x20\x2d\x32\x2e\x35\x2c\x32\x2e\x35\x63\x2d\x31\x2e\
\x33\x38\x30\x37\x2c\x30\x20\x2d\x32\x2e\x35\x2c\x2d\x31\x2e\x31\
\x31\x39\x33\x20\x2d\x32\x2e\x35\x2c\x2d\x32\x2e\x35\x6c\x30\x2c\
\x2d\x32\x38\x63\x30\x2c\x2d\x31\x2e\x33\x38\x30\x37\x20\x31\x2e\
\x31\x31\x39\x33\x2c\x2d\x32\x2e\x35\x20\x32\x2e\x35\x2c\x2d\x32\
\x2e\x35\x7a\x6d\x31\x36\x2e\x35\x2c\x32\x2e\x35\x63\x30\x2c\x2d\
\x31\x2e\x33\x38\x30\x37\x20\x2d\x31\x2e\x31\x31\x39\x33\x2c\x2d\
\x32\x2e\x35\x20\x2d\x32\x2e\x35\x2c\x2d\x32\x2e\x35\x63\x2d\x31\
\x2e\x33\x38\x30\x37\x2c\x30\x20\x2d\x32\x2e\x35\x2c\x31\x2e\x31\
\x31\x39\x33\x20\x2d\x32\x2e\x35\x2c\x32\x2e\x35\x6c\x30\x2c\x32\
\x38\x63\x30\x2c\x31\x2e\x33\x38\x30\x37\x20\x31\x2e\x31\x31\x39\
\x33\x2c\x32\x2e\x35\x20\x32\x2e\x35\x2c\x32\x2e\x35\x63\x31\x2e\
\x33\x38\x30\x37\x2c\x30\x20\x32\x2e\x35\x2c\x2d\x31\x2e\x31\x31\
\x39\x33\x20\x32\x2e\x35\x2c\x2d\x32\x2e\x35\x6c\x30\x2c\x2d\x32\
\x38\x7a\x6d\x2d\x32\x2e\x35\x34\x36\x34\x2c\x2d\x31\x32\x2e\x35\
\x30\x31\x34\x6c\x2d\x32\x2e\x30\x38\x33\x32\x2c\x2d\x32\x2e\x36\
\x31\x32\x31\x6c\x2d\x39\x2e\x37\x34\x30\x38\x2c\x30\x6c\x2d\x32\
\x2e\x30\x38\x33\x32\x2c\x32\x2e\x36\x31\x32\x31\x6c\x31\x33\x2e\
\x39\x30\x37\x32\x2c\x30\x7a\x22\x20\x66\x69\x6c\x6c\x3d\x22\x23\
\x43\x32\x43\x43\x44\x45\x22\x20\x69\x64\x3d\x22\x73\x76\x67\x5f\
\x31\x22\x2f\x3e\x0a\x20\x20\x3c\x70\x61\x74\x68\x20\x66\x69\x6c\
\x6c\x3d\x22\x23\x66\x66\x30\x30\x30\x30\x22\x20\x64\x3d\x22\x6d\
\x37\x2e\x33\x33\x38\x33\x2c\x33\x39\x2e\x39\x39\x39\x39\x34\x6c\
\x30\x2c\x30\x63\x30\x2c\x2d\x31\x38\x2e\x30\x38\x35\x33\x35\x20\
\x31\x34\x2e\x36\x32\x33\x31\x36\x2c\x2d\x33\x32\x2e\x37\x34\x36\
\x35\x31\x20\x33\x32\x2e\x36\x36\x31\x36\x37\x2c\x2d\x33\x32\x2e\
\x37\x34\x36\x35\x31\x6c\x30\x2c\x30\x63\x38\x2e\x36\x36\x32\x35\
\x33\x2c\x30\x20\x31\x36\x2e\x39\x37\x30\x32\x35\x2c\x33\x2e\x34\
\x35\x30\x30\x38\x20\x32\x33\x2e\x30\x39\x35\x33\x32\x2c\x39\x2e\
\x35\x39\x31\x32\x36\x63\x36\x2e\x31\x32\x35\x33\x31\x2c\x36\x2e\
\x31\x34\x31\x31\x39\x20\x39\x2e\x35\x36\x36\x34\x32\x2c\x31\x34\
\x2e\x34\x37\x30\x34\x34\x20\x39\x2e\x35\x36\x36\x34\x32\x2c\x32\
\x33\x2e\x31\x35\x35\x32\x34\x6c\x30\x2c\x30\x63\x30\x2c\x31\x38\
\x2e\x30\x38\x35\x35\x36\x20\x2d\x31\x34\x2e\x36\x32\x33\x30\x35\
\x2c\x33\x32\x2e\x37\x34\x36\x36\x33\x20\x2d\x33\x32\x2e\x36\x36\
\x31\x37\x33\x2c\x33\x32\x2e\x37\x34\x36\x36\x33\x6c\x30\x2c\x30\
\x63\x2d\x31\x38\x2e\x30\x33\x38\x35\x31\x2c\x30\x20\x2d\x33\x32\
\x2e\x36\x36\x31\x36\x37\x2c\x2d\x31\x34\x2e\x36\x36\x31\x30\x36\
\x20\x2d\x33\x32\x2e\x36\x36\x31\x36\x37\x2c\x2d\x33\x32\x2e\x37\
\x34\x36\x36\x33\x63\x30\x2c\x30\x20\x30\x2c\x30\x20\x30\x2c\x30\
\x6c\x2d\x30\x2e\x30\x30\x30\x30\x31\x2c\x30\x7a\x6d\x35\x32\x2e\
\x37\x34\x31\x32\x31\x2c\x31\x34\x2e\x36\x34\x39\x31\x36\x6c\x30\
\x2c\x30\x63\x37\x2e\x31\x39\x31\x30\x32\x2c\x2d\x39\x2e\x39\x30\
\x38\x33\x34\x20\x36\x2e\x31\x32\x32\x30\x39\x2c\x2d\x32\x33\x2e\
\x35\x38\x39\x34\x38\x20\x2d\x32\x2e\x35\x32\x30\x31\x35\x2c\x2d\
\x33\x32\x2e\x32\x35\x34\x30\x37\x63\x2d\x38\x2e\x36\x34\x32\x32\
\x35\x2c\x2d\x38\x2e\x36\x36\x34\x36\x36\x20\x2d\x32\x32\x2e\x32\
\x38\x37\x39\x33\x2c\x2d\x39\x2e\x37\x33\x36\x33\x37\x20\x2d\x33\
\x32\x2e\x31\x37\x30\x33\x33\x2c\x2d\x32\x2e\x35\x32\x36\x35\x38\
\x6c\x33\x34\x2e\x36\x39\x30\x34\x37\x2c\x33\x34\x2e\x37\x38\x30\
\x36\x35\x6c\x30\x2e\x30\x30\x30\x30\x31\x2c\x30\x7a\x6d\x2d\x34\
\x30\x2e\x31\x35\x38\x38\x39\x2c\x2d\x32\x39\x2e\x32\x39\x38\x30\
\x31\x63\x2d\x37\x2e\x31\x39\x31\x30\x37\x2c\x39\x2e\x39\x30\x38\
\x32\x38\x20\x2d\x36\x2e\x31\x32\x32\x31\x37\x2c\x32\x33\x2e\x35\
\x38\x39\x34\x33\x20\x32\x2e\x35\x32\x30\x30\x32\x2c\x33\x32\x2e\
\x32\x35\x33\x39\x63\x38\x2e\x36\x34\x32\x31\x37\x2c\x38\x2e\x36\
\x36\x34\x37\x31\x20\x32\x32\x2e\x32\x38\x37\x38\x35\x2c\x39\x2e\
\x37\x33\x36\x34\x31\x20\x33\x32\x2e\x31\x37\x30\x32\x35\x2c\x32\
\x2e\x35\x32\x36\x37\x6c\x2d\x33\x34\x2e\x36\x39\x30\x32\x38\x2c\
\x2d\x33\x34\x2e\x37\x38\x30\x35\x39\x6c\x30\x2c\x30\x6c\x30\x2e\
\x30\x30\x30\x30\x31\x2c\x2d\x30\x2e\x30\x30\x30\x30\x31\x7a\x22\
\x20\x69\x64\x3d\x22\x73\x76\x67\x5f\x33\x22\x2f\x3e\x0a\x20\x3c\
\x2f\x67\x3e\x0a\x0a\x3c\x2f\x73\x76\x67\x3e\
\x00\x00\x09\x97\
\x3c\
\x73\x76\x67\x20\x66\x69\x6c\x6c\x3d\x22\x23\x30\x30\x30\x30\x30\
\x30\x22\x20\x78\x6d\x6c\x6e\x73\x3d\x22\x68\x74\x74\x70\x3a\x2f\
\x2f\x77\x77\x77\x2e\x77\x33\x2e\x6f\x72\x67\x2f\x32\x30\x30\x30\
\x2f\x73\x76\x67\x22\x20\x76\x69\x65\x77\x42\x6f\x78\x3d\x22\x30\
\x20\x30\x20\x35\x30\x20\x35\x30\x22\x20\x77\x69\x64\x74\x68\x3d\
\x22\x35\x30\x70\x78\x22\x20\x68\x65\x69\x67\x68\x74\x3d\x22\x35\
\x30\x70\x78\x22\x3e\x3c\x70\x61\x74\x68\x20\x64\x3d\x22\x4d\x20\
\x32\x35\x20\x32\x20\x43\x20\x32\x30\x2e\x39\x34\x31\x34\x30\x36\
\x20\x32\x20\x31\x38\x2e\x31\x38\x37\x35\x20\x32\x2e\x39\x36\x38\
\x37\x35\x20\x31\x36\x2e\x34\x33\x37\x35\x20\x34\x2e\x33\x37\x35\
\x20\x43\x20\x31\x34\x2e\x36\x38\x37\x35\x20\x35\x2e\x37\x38\x31\
\x32\x35\x20\x31\x34\x20\x37\x2e\x35\x38\x39\x38\x34\x34\x20\x31\
\x34\x20\x39\x2e\x30\x39\x33\x37\x35\x20\x4c\x20\x31\x34\x20\x31\
\x34\x20\x4c\x20\x32\x34\x20\x31\x34\x20\x4c\x20\x32\x34\x20\x31\
\x35\x20\x4c\x20\x39\x2e\x30\x39\x33\x37\x35\x20\x31\x35\x20\x43\
\x20\x37\x2e\x32\x36\x35\x36\x32\x35\x20\x31\x35\x20\x35\x2e\x34\
\x31\x30\x31\x35\x36\x20\x31\x35\x2e\x37\x39\x32\x39\x36\x39\x20\
\x34\x2e\x30\x39\x33\x37\x35\x20\x31\x37\x2e\x34\x36\x38\x37\x35\
\x20\x43\x20\x32\x2e\x37\x37\x37\x33\x34\x34\x20\x31\x39\x2e\x31\
\x34\x34\x35\x33\x31\x20\x32\x20\x32\x31\x2e\x36\x34\x34\x35\x33\
\x31\x20\x32\x20\x32\x35\x20\x43\x20\x32\x20\x32\x38\x2e\x33\x35\
\x35\x34\x36\x39\x20\x32\x2e\x37\x37\x37\x33\x34\x34\x20\x33\x30\
\x2e\x38\x35\x35\x34\x36\x39\x20\x34\x2e\x30\x39\x33\x37\x35\x20\
\x33\x32\x2e\x35\x33\x31\x32\x35\x20\x43\x20\x35\x2e\x34\x31\x30\
\x31\x35\x36\x20\x33\x34\x2e\x32\x30\x37\x30\x33\x31\x20\x37\x2e\
\x32\x36\x35\x36\x32\x35\x20\x33\x35\x20\x39\x2e\x30\x39\x33\x37\
\x35\x20\x33\x35\x20\x4c\x20\x31\x34\x20\x33\x35\x20\x4c\x20\x31\
\x34\x20\x34\x30\x2e\x39\x30\x36\x32\x35\x20\x43\x20\x31\x34\x20\
\x34\x32\x2e\x34\x31\x30\x31\x35\x36\x20\x31\x34\x2e\x36\x38\x37\
\x35\x20\x34\x34\x2e\x32\x31\x38\x37\x35\x20\x31\x36\x2e\x34\x33\
\x37\x35\x20\x34\x35\x2e\x36\x32\x35\x20\x43\x20\x31\x38\x2e\x31\
\x38\x37\x35\x20\x34\x37\x2e\x30\x33\x31\x32\x35\x20\x32\x30\x2e\
\x39\x34\x31\x34\x30\x36\x20\x34\x38\x20\x32\x35\x20\x34\x38\x20\
\x43\x20\x32\x39\x2e\x30\x35\x38\x35\x39\x34\x20\x34\x38\x20\x33\
\x31\x2e\x38\x31\x32\x35\x20\x34\x37\x2e\x30\x33\x31\x32\x35\x20\
\x33\x33\x2e\x35\x36\x32\x35\x20\x34\x35\x2e\x36\x32\x35\x20\x43\
\x20\x33\x35\x2e\x33\x31\x32\x35\x20\x34\x34\x2e\x32\x31\x38\x37\
\x35\x20\x33\x36\x20\x34\x32\x2e\x34\x31\x30\x31\x35\x36\x20\x33\
\x36\x20\x34\x30\x2e\x39\x30\x36\x32\x35\x20\x4c\x20\x33\x36\x20\
\x33\x36\x20\x4c\x20\x32\x36\x20\x33\x36\x20\x4c\x20\x32\x36\x20\
\x33\x35\x20\x4c\x20\x34\x30\x2e\x39\x30\x36\x32\x35\x20\x33\x35\
\x20\x43\x20\x34\x32\x2e\x37\x33\x34\x33\x37\x35\x20\x33\x35\x20\
\x34\x34\x2e\x35\x38\x39\x38\x34\x34\x20\x33\x34\x2e\x32\x30\x37\
\x30\x33\x31\x20\x34\x35\x2e\x39\x30\x36\x32\x35\x20\x33\x32\x2e\
\x35\x33\x31\x32\x35\x20\x43\x20\x34\x37\x2e\x32\x32\x32\x36\x35\
\x36\x20\x33\x30\x2e\x38\x35\x35\x34\x36\x39\x20\x34\x38\x20\x32\
\x38\x2e\x33\x35\x35\x34\x36\x39\x20\x34\x38\x20\x32\x35\x20\x43\
\x20\x34\x38\x20\x32\x31\x2e\x36\x34\x34\x35\x33\x31\x20\x34\x37\
\x2e\x32\x32\x32\x36\x35\x36\x20\x31\x39\x2e\x31\x34\x34\x35\x33\
\x31\x20\x34\x35\x2e\x39\x30\x36\x32\x35\x20\x31\x37\x2e\x34\x36\
\x38\x37\x35\x20\x43\x20\x34\x34\x2e\x35\x38\x39\x38\x34\x34\x20\
\x31\x35\x2e\x37\x39\x32\x39\x36\x39\x20\x34\x32\x2e\x37\x33\x34\
\x33\x37\x35\x20\x31\x35\x20\x34\x30\x2e\x39\x30\x36\x32\x35\x20\
\x31\x35\x20\x4c\x20\x33\x36\x20\x31\x35\x20\x4c\x20\x33\x36\x20\
\x39\x2e\x30\x39\x33\x37\x35\x20\x43\x20\x33\x36\x20\x37\x2e\x35\
\x35\x30\x37\x38\x31\x20\x33\x35\x2e\x33\x31\x36\x34\x30\x36\x20\
\x35\x2e\x37\x33\x38\x32\x38\x31\x20\x33\x33\x2e\x35\x36\x32\x35\
\x20\x34\x2e\x33\x34\x33\x37\x35\x20\x43\x20\x33\x31\x2e\x38\x30\
\x38\x35\x39\x34\x20\x32\x2e\x39\x34\x39\x32\x31\x39\x20\x32\x39\
\x2e\x30\x35\x34\x36\x38\x38\x20\x32\x20\x32\x35\x20\x32\x20\x5a\
\x20\x4d\x20\x32\x35\x20\x34\x20\x43\x20\x32\x38\x2e\x37\x34\x36\
\x30\x39\x34\x20\x34\x20\x33\x31\x2e\x30\x31\x35\x36\x32\x35\x20\
\x34\x2e\x38\x37\x35\x20\x33\x32\x2e\x33\x31\x32\x35\x20\x35\x2e\
\x39\x30\x36\x32\x35\x20\x43\x20\x33\x33\x2e\x36\x30\x39\x33\x37\
\x35\x20\x36\x2e\x39\x33\x37\x35\x20\x33\x34\x20\x38\x2e\x31\x33\
\x36\x37\x31\x39\x20\x33\x34\x20\x39\x2e\x30\x39\x33\x37\x35\x20\
\x4c\x20\x33\x34\x20\x32\x31\x20\x43\x20\x33\x34\x20\x32\x32\x2e\
\x36\x35\x36\x32\x35\x20\x33\x32\x2e\x36\x35\x36\x32\x35\x20\x32\
\x34\x20\x33\x31\x20\x32\x34\x20\x4c\x20\x31\x39\x20\x32\x34\x20\
\x43\x20\x31\x36\x2e\x39\x34\x31\x34\x30\x36\x20\x32\x34\x20\x31\
\x35\x2e\x31\x36\x37\x39\x36\x39\x20\x32\x35\x2e\x32\x36\x39\x35\
\x33\x31\x20\x31\x34\x2e\x34\x30\x36\x32\x35\x20\x32\x37\x2e\x30\
\x36\x32\x35\x20\x43\x20\x31\x34\x2e\x32\x37\x37\x33\x34\x34\x20\
\x32\x37\x2e\x33\x35\x39\x33\x37\x35\x20\x31\x34\x2e\x31\x36\x30\
\x31\x35\x36\x20\x32\x37\x2e\x36\x37\x35\x37\x38\x31\x20\x31\x34\
\x2e\x30\x39\x33\x37\x35\x20\x32\x38\x20\x43\x20\x31\x34\x2e\x30\
\x32\x37\x33\x34\x34\x20\x32\x38\x2e\x33\x32\x34\x32\x31\x39\x20\
\x31\x34\x20\x32\x38\x2e\x36\x35\x36\x32\x35\x20\x31\x34\x20\x32\
\x39\x20\x4c\x20\x31\x34\x20\x33\x33\x20\x4c\x20\x39\x2e\x30\x39\
\x33\x37\x35\x20\x33\x33\x20\x43\x20\x37\x2e\x38\x32\x34\x32\x31\
\x39\x20\x33\x33\x20\x36\x2e\x36\x34\x38\x34\x33\x38\x20\x33\x32\
\x2e\x35\x30\x33\x39\x30\x36\x20\x35\x2e\x36\x38\x37\x35\x20\x33\
\x31\x2e\x32\x38\x31\x32\x35\x20\x43\x20\x34\x2e\x37\x32\x36\x35\
\x36\x33\x20\x33\x30\x2e\x30\x35\x38\x35\x39\x34\x20\x34\x20\x32\
\x38\x2e\x30\x34\x32\x39\x36\x39\x20\x34\x20\x32\x35\x20\x43\x20\
\x34\x20\x32\x31\x2e\x39\x35\x37\x30\x33\x31\x20\x34\x2e\x37\x32\
\x36\x35\x36\x33\x20\x31\x39\x2e\x39\x34\x31\x34\x30\x36\x20\x35\
\x2e\x36\x38\x37\x35\x20\x31\x38\x2e\x37\x31\x38\x37\x35\x20\x43\
\x20\x36\x2e\x36\x34\x38\x34\x33\x38\x20\x31\x37\x2e\x34\x39\x36\
\x30\x39\x34\x20\x37\x2e\x38\x32\x34\x32\x31\x39\x20\x31\x37\x20\
\x39\x2e\x30\x39\x33\x37\x35\x20\x31\x37\x20\x4c\x20\x32\x36\x20\
\x31\x37\x20\x4c\x20\x32\x36\x20\x31\x32\x20\x4c\x20\x31\x36\x20\
\x31\x32\x20\x4c\x20\x31\x36\x20\x39\x2e\x30\x39\x33\x37\x35\x20\
\x43\x20\x31\x36\x20\x38\x2e\x31\x39\x39\x32\x31\x39\x20\x31\x36\
\x2e\x33\x38\x36\x37\x31\x39\x20\x36\x2e\x39\x38\x30\x34\x36\x39\
\x20\x31\x37\x2e\x36\x38\x37\x35\x20\x35\x2e\x39\x33\x37\x35\x20\
\x43\x20\x31\x38\x2e\x39\x38\x38\x32\x38\x31\x20\x34\x2e\x38\x39\
\x34\x35\x33\x31\x20\x32\x31\x2e\x32\x35\x37\x38\x31\x33\x20\x34\
\x20\x32\x35\x20\x34\x20\x5a\x20\x4d\x20\x32\x30\x20\x37\x20\x43\
\x20\x31\x38\x2e\x38\x39\x38\x34\x33\x38\x20\x37\x20\x31\x38\x20\
\x37\x2e\x38\x39\x38\x34\x33\x38\x20\x31\x38\x20\x39\x20\x43\x20\
\x31\x38\x20\x31\x30\x2e\x31\x30\x31\x35\x36\x33\x20\x31\x38\x2e\
\x38\x39\x38\x34\x33\x38\x20\x31\x31\x20\x32\x30\x20\x31\x31\x20\
\x43\x20\x32\x31\x2e\x31\x30\x31\x35\x36\x33\x20\x31\x31\x20\x32\
\x32\x20\x31\x30\x2e\x31\x30\x31\x35\x36\x33\x20\x32\x32\x20\x39\
\x20\x43\x20\x32\x32\x20\x37\x2e\x38\x39\x38\x34\x33\x38\x20\x32\
\x31\x2e\x31\x30\x31\x35\x36\x33\x20\x37\x20\x32\x30\x20\x37\x20\
\x5a\x20\x4d\x20\x33\x36\x20\x31\x37\x20\x4c\x20\x34\x30\x2e\x39\
\x30\x36\x32\x35\x20\x31\x37\x20\x43\x20\x34\x32\x2e\x31\x37\x35\
\x37\x38\x31\x20\x31\x37\x20\x34\x33\x2e\x33\x35\x31\x35\x36\x33\
\x20\x31\x37\x2e\x34\x39\x36\x30\x39\x34\x20\x34\x34\x2e\x33\x31\
\x32\x35\x20\x31\x38\x2e\x37\x31\x38\x37\x35\x20\x43\x20\x34\x35\
\x2e\x32\x37\x33\x34\x33\x38\x20\x31\x39\x2e\x39\x34\x31\x34\x30\
\x36\x20\x34\x36\x20\x32\x31\x2e\x39\x35\x37\x30\x33\x31\x20\x34\
\x36\x20\x32\x35\x20\x43\x20\x34\x36\x20\x32\x38\x2e\x30\x34\x32\
\x39\x36\x39\x20\x34\x35\x2e\x32\x37\x33\x34\x33\x38\x20\x33\x30\
\x2e\x30\x35\x38\x35\x39\x34\x20\x34\x34\x2e\x33\x31\x32\x35\x20\
\x33\x31\x2e\x32\x38\x31\x32\x35\x20\x43\x20\x34\x33\x2e\x33\x35\
\x31\x35\x36\x33\x20\x33\x32\x2e\x35\x30\x33\x39\x30\x36\x20\x34\
\x32\x2e\x31\x37\x35\x37\x38\x31\x20\x33\x33\x20\x34\x30\x2e\x39\
\x30\x36\x32\x35\x20\x33\x33\x20\x4c\x20\x32\x34\x20\x33\x33\x20\
\x4c\x20\x32\x34\x20\x33\x38\x20\x4c\x20\x33\x34\x20\x33\x38\x20\
\x4c\x20\x33\x34\x20\x34\x30\x2e\x39\x30\x36\x32\x35\x20\x43\x20\
\x33\x34\x20\x34\x31\x2e\x38\x30\x30\x37\x38\x31\x20\x33\x33\x2e\
\x36\x31\x33\x32\x38\x31\x20\x34\x33\x2e\x30\x31\x39\x35\x33\x31\
\x20\x33\x32\x2e\x33\x31\x32\x35\x20\x34\x34\x2e\x30\x36\x32\x35\
\x20\x43\x20\x33\x31\x2e\x30\x31\x31\x37\x31\x39\x20\x34\x35\x2e\
\x31\x30\x35\x34\x36\x39\x20\x32\x38\x2e\x37\x34\x32\x31\x38\x38\
\x20\x34\x36\x20\x32\x35\x20\x34\x36\x20\x43\x20\x32\x31\x2e\x32\
\x35\x37\x38\x31\x33\x20\x34\x36\x20\x31\x38\x2e\x39\x38\x38\x32\
\x38\x31\x20\x34\x35\x2e\x31\x30\x35\x34\x36\x39\x20\x31\x37\x2e\
\x36\x38\x37\x35\x20\x34\x34\x2e\x30\x36\x32\x35\x20\x43\x20\x31\
\x36\x2e\x33\x38\x36\x37\x31\x39\x20\x34\x33\x2e\x30\x31\x39\x35\
\x33\x31\x20\x31\x36\x20\x34\x31\x2e\x38\x30\x30\x37\x38\x31\x20\
\x31\x36\x20\x34\x30\x2e\x39\x30\x36\x32\x35\x20\x4c\x20\x31\x36\
\x20\x32\x39\x20\x43\x20\x31\x36\x20\x32\x38\x2e\x37\x39\x32\x39\
\x36\x39\x20\x31\x36\x2e\x30\x32\x33\x34\x33\x38\x20\x32\x38\x2e\
\x36\x30\x31\x35\x36\x33\x20\x31\x36\x2e\x30\x36\x32\x35\x20\x32\
\x38\x2e\x34\x30\x36\x32\x35\x20\x43\x20\x31\x36\x2e\x33\x34\x33\
\x37\x35\x20\x32\x37\x2e\x30\x33\x39\x30\x36\x33\x20\x31\x37\x2e\
\x35\x35\x30\x37\x38\x31\x20\x32\x36\x20\x31\x39\x20\x32\x36\x20\
\x4c\x20\x33\x31\x20\x32\x36\x20\x43\x20\x33\x33\x2e\x37\x34\x36\
\x30\x39\x34\x20\x32\x36\x20\x33\x36\x20\x32\x33\x2e\x37\x34\x36\
\x30\x39\x34\x20\x33\x36\x20\x32\x31\x20\x5a\x20\x4d\x20\x33\x30\
\x20\x33\x39\x20\x43\x20\x32\x38\x2e\x38\x39\x38\x34\x33\x38\x20\
\x33\x39\x20\x32\x38\x20\x33\x39\x2e\x38\x39\x38\x34\x33\x38\x20\
\x32\x38\x20\x34\x31\x20\x43\x20\x32\x38\x20\x34\x32\x2e\x31\x30\
\x31\x35\x36\x33\x20\x32\x38\x2e\x38\x39\x38\x34\x33\x38\x20\x34\
\x33\x20\x33\x30\x20\x34\x33\x20\x43\x20\x33\x31\x2e\x31\x30\x31\
\x35\x36\x33\x20\x34\x33\x20\x33\x32\x20\x34\x32\x2e\x31\x30\x31\
\x35\x36\x33\x20\x33\x32\x20\x34\x31\x20\x43\x20\x33\x32\x20\x33\
\x39\x2e\x38\x39\x38\x34\x33\x38\x20\x33\x31\x2e\x31\x30\x31\x35\
\x36\x33\x20\x33\x39\x20\x33\x30\x20\x33\x39\x20\x5a\x22\x2f\x3e\
\x3c\x2f\x73\x76\x67\x3e\
"

qt_resource_name = b"\
\x00\x09\
\x00\x28\xbf\x23\
\x00\x73\
\x00\x74\x00\x79\x00\x6c\x00\x65\x00\x2e\x00\x63\x00\x73\x00\x73\
\x00\x05\
\x00\x6f\xa6\x53\
\x00\x69\
\x00\x63\x00\x6f\x00\x6e\x00\x73\
\x00\x0f\
\x00\x50\xd7\x47\
\x00\x70\
\x00\x6c\x00\x75\x00\x73\x00\x2d\x00\x73\x00\x71\x00\x75\x00\x61\x00\x72\x00\x65\x00\x2e\x00\x73\x00\x76\x00\x67\
\x00\x0c\
\x02\x33\x2a\x87\
\x00\x6e\
\x00\x6f\x00\x2d\x00\x61\x00\x6c\x00\x65\x00\x72\x00\x74\x00\x2e\x00\x73\x00\x76\x00\x67\
\x00\x10\
\x03\xdc\xdd\x87\
\x00\x73\
\x00\x74\x00\x61\x00\x72\x00\x2d\x00\x63\x00\x72\x00\x6f\x00\x73\x00\x73\x00\x65\x00\x64\x00\x2e\x00\x73\x00\x76\x00\x67\
\x00\x10\
\x05\x22\x88\x87\
\x00\x6f\
\x00\x72\x00\x61\x00\x6e\x00\x67\x00\x65\x00\x2d\x00\x61\x00\x6c\x00\x65\x00\x72\x00\x74\x00\x2e\x00\x73\x00\x76\x00\x67\
\x00\x08\
\x05\x77\x54\xa7\
\x00\x6c\
\x00\x6f\x00\x61\x00\x64\x00\x2e\x00\x73\x00\x76\x00\x67\
\x00\x0a\
\x05\x95\xd0\xa7\
\x00\x75\
\x00\x6e\x00\x6c\x00\x6f\x00\x63\x00\x6b\x00\x2e\x00\x73\x00\x76\x00\x67\
\x00\x08\
\x05\x9e\x54\xa7\
\x00\x6c\
\x00\x6f\x00\x63\x00\x6b\x00\x2e\x00\x73\x00\x76\x00\x67\
\x00\x08\
\x05\xa8\x57\x87\
\x00\x63\
\x00\x6f\x00\x64\x00\x65\x00\x2e\x00\x73\x00\x76\x00\x67\
\x00\x0a\
\x08\x4a\xc4\x07\
\x00\x65\
\x00\x78\x00\x70\x00\x61\x00\x6e\x00\x64\x00\x2e\x00\x73\x00\x76\x00\x67\
\x00\x09\
\x08\x9b\xad\xc7\
\x00\x74\
\x00\x72\x00\x61\x00\x73\x00\x68\x00\x2e\x00\x73\x00\x76\x00\x67\
\x00\x08\
\x08\xc8\x55\xe7\
\x00\x73\
\x00\x61\x00\x76\x00\x65\x00\x2e\x00\x73\x00\x76\x00\x67\
\x00\x07\
\x09\xc7\x5a\x27\
\x00\x73\
\x00\x65\x00\x74\x00\x2e\x00\x73\x00\x76\x00\x67\
\x00\x10\
\x0a\x44\xfa\x47\
\x00\x79\
\x00\x65\x00\x6c\x00\x6c\x00\x6f\x00\x77\x00\x2d\x00\x61\x00\x6c\x00\x65\x00\x72\x00\x74\x00\x2e\x00\x73\x00\x76\x00\x67\
\x00\x08\
\x0a\x85\x55\x87\
\x00\x73\
\x00\x74\x00\x61\x00\x72\x00\x2e\x00\x73\x00\x76\x00\x67\
\x00\x0a\
\x0a\xc8\xf6\x87\
\x00\x66\
\x00\x6f\x00\x6c\x00\x64\x00\x65\x00\x72\x00\x2e\x00\x73\x00\x76\x00\x67\
\x00\x0c\
\x0a\xdc\x3f\xc7\
\x00\x63\
\x00\x6f\x00\x6c\x00\x6c\x00\x61\x00\x70\x00\x73\x00\x65\x00\x2e\x00\x73\x00\x76\x00\x67\
\x00\x0f\
\x0b\x14\x80\xa7\
\x00\x67\
\x00\x72\x00\x65\x00\x65\x00\x6e\x00\x2d\x00\x61\x00\x6c\x00\x65\x00\x72\x00\x74\x00\x2e\x00\x73\x00\x76\x00\x67\
\x00\x0b\
\x0c\x6a\x21\xc7\
\x00\x72\
\x00\x65\x00\x66\x00\x72\x00\x65\x00\x73\x00\x68\x00\x2e\x00\x73\x00\x76\x00\x67\
\x00\x0a\
\x0c\xad\x02\x87\
\x00\x64\
\x00\x65\x00\x6c\x00\x65\x00\x74\x00\x65\x00\x2e\x00\x73\x00\x76\x00\x67\
\x00\x0d\
\x0d\xf9\x2b\x67\
\x00\x72\
\x00\x65\x00\x64\x00\x2d\x00\x61\x00\x6c\x00\x65\x00\x72\x00\x74\x00\x2e\x00\x73\x00\x76\x00\x67\
\x00\x11\
\x0e\x2c\x55\xe7\
\x00\x74\
\x00\x72\x00\x61\x00\x73\x00\x68\x00\x2d\x00\x63\x00\x72\x00\x6f\x00\x73\x00\x73\x00\x65\x00\x64\x00\x2e\x00\x73\x00\x76\x00\x67\
\
\x00\x0a\
\x0f\x6e\x5b\x87\
\x00\x70\
\x00\x79\x00\x74\x00\x68\x00\x6f\x00\x6e\x00\x2e\x00\x73\x00\x76\x00\x67\
"

qt_resource_struct_v1 = b"\
\x00\x00\x00\x00\x00\x02\x00\x00\x00\x02\x00\x00\x00\x01\
\x00\x00\x00\x00\x00\x00\x00\x00\x00\x01\x00\x00\x00\x00\
\x00\x00\x00\x18\x00\x02\x00\x00\x00\x16\x00\x00\x00\x03\
\x00\x00\x00\x28\x00\x00\x00\x00\x00\x01\x00\x00\x00\x04\
\x00\x00\x00\x4c\x00\x00\x00\x00\x00\x01\x00\x00\x01\x7d\
\x00\x00\x00\x6a\x00\x00\x00\x00\x00\x01\x00\x00\x03\x21\
\x00\x00\x00\x90\x00\x00\x00\x00\x00\x01\x00\x00\x0a\xfe\
\x00\x00\x00\xb6\x00\x00\x00\x00\x00\x01\x00\x00\x0d\x56\
\x00\x00\x00\xcc\x00\x01\x00\x00\x00\x01\x00\x00\x0e\xc6\
\x00\x00\x00\xe6\x00\x01\x00\x00\x00\x01\x00\x00\x17\x74\
\x00\x00\x00\xfc\x00\x00\x00\x00\x00\x01\x00\x00\x20\x26\
\x00\x00\x01\x12\x00\x01\x00\x00\x00\x01\x00\x00\x21\x5d\
\x00\x00\x01\x2c\x00\x00\x00\x00\x00\x01\x00\x00\x25\x09\
\x00\x00\x01\x44\x00\x00\x00\x00\x00\x01\x00\x00\x28\xa8\
\x00\x00\x01\x5a\x00\x00\x00\x00\x00\x01\x00\x00\x2a\x34\
\x00\x00\x01\x6e\x00\x00\x00\x00\x00\x01\x00\x00\x2b\xa8\
\x00\x00\x01\x94\x00\x00\x00\x00\x00\x01\x00\x00\x31\x21\
\x00\x00\x01\xaa\x00\x00\x00\x00\x00\x01\x00\x00\x36\xdf\
\x00\x00\x01\xc4\x00\x00\x00\x00\x00\x01\x00\x00\x3b\xa5\
\x00\x00\x01\xe2\x00\x00\x00\x00\x00\x01\x00\x00\x45\x38\
\x00\x00\x02\x06\x00\x00\x00\x00\x00\x01\x00\x00\x4c\xd9\
\x00\x00\x02\x22\x00\x00\x00\x00\x00\x01\x00\x00\x4e\x6d\
\x00\x00\x02\x3c\x00\x00\x00\x00\x00\x01\x00\x00\x4f\xe7\
\x00\x00\x02\x5c\x00\x00\x00\x00\x00\x01\x00\x00\x57\x88\
\x00\x00\x02\x84\x00\x00\x00\x00\x00\x01\x00\x00\x5d\xd8\
"

qt_resource_struct_v2 = b"\
\x00\x00\x00\x00\x00\x02\x00\x00\x00\x02\x00\x00\x00\x01\
\x00\x00\x00\x00\x00\x00\x00\x00\
\x00\x00\x00\x00\x00\x00\x00\x00\x00\x01\x00\x00\x00\x00\
\x00\x00\x01\xa0\xac\x0a\x1d\x64\
\x00\x00\x00\x18\x00\x02\x00\x00\x00\x16\x00\x00\x00\x03\
\x00\x00\x00\x00\x00\x00\x00\x00\
\x00\x00\x00\x28\x00\x00\x00\x00\x00\x01\x00\x00\x00\x04\
\x00\x00\x01\xa0\xac\x0a\x1d\x63\
\x00\x00\x00\x4c\x00\x00\x00\x00\x00\x01\x00\x00\x01\x7d\
\x00\x00\x01\xa0\xac\x0a\x1d\x63\
\x00\x00\x00\x6a\x00\x00\x00\x00\x00\x01\x00\x00\x03\x21\
\x00\x00\x01\xa0\xac\x0a\x1d\x64\
\x00\x00\x00\x90\x00\x00\x00\x00\x00\x01\x00\x00\x0a\xfe\
\x00\x00\x01\xa0\xac\x0a\x1d\x63\
\x00\x00\x00\xb6\x00\x00\x00\x00\x00\x01\x00\x00\x0d\x56\
\x00\x00\x01\xa0\xac\x0a\x1d\x63\
\x00\x00\x00\xcc\x00\x01\x00\x00\x00\x01\x00\x00\x0e\xc6\
\x00\x00\x01\xa0\xe8\xb4\x4b\xc5\
\x00\x00\x00\xe6\x00\x01\x00\x00\x00\x01\x00\x00\x17\x74\
\x00\x00\x01\xa0\xe8\xb4\x4b\xc5\
\x00\x00\x00\xfc\x00\x00\x00\x00\x00\x01\x00\x00\x20\x26\
\x00\x00\x01\xa0\xac\x0a\x1d\x63\
\x00\x00\x01\x12\x00\x01\x00\x00\x00\x01\x00\x00\x21\x5d\
\x00\x00\x01\xa0\xac\x0a\x1d\x63\
\x00\x00\x01\x2c\x00\x00\x00\x00\x00\x01\x00\x00\x25\x09\
\x00\x00\x01\xa0\xac\x0a\x1d\x64\
\x00\x00\x01\x44\x00\x00\x00\x00\x00\x01\x00\x00\x28\xa8\
\x00\x00\x01\xa0\xac\x0a\x1d\x64\
\x00\x00\x01\x5a\x00\x00\x00\x00\x00\x01\x00\x00\x2a\x34\
\x00\x00\x01\xa0\xac\x0a\x1d\x64\
\x00\x00\x01\x6e\x00\x00\x00\x00\x00\x01\x00\x00\x2b\xa8\
\x00\x00\x01\xa0\xac\x0a\x1d\x63\
\x00\x00\x01\x94\x00\x00\x00\x00\x00\x01\x00\x00\x31\x21\
\x00\x00\x01\xa0\xac\x0a\x1d\x64\
\x00\x00\x01\xaa\x00\x00\x00\x00\x00\x01\x00\x00\x36\xdf\
\x00\x00\x01\xa0\xac\x0a\x1d\x63\
\x00\x00\x01\xc4\x00\x00\x00\x00\x00\x01\x00\x00\x3b\xa5\
\x00\x00\x01\xa0\xac\x0a\x1d\x63\
\x00\x00\x01\xe2\x00\x00\x00\x00\x00\x01\x00\x00\x45\x38\
\x00\x00\x01\xa0\xac\x0a\x1d\x63\
\x00\x00\x02\x06\x00\x00\x00\x00\x00\x01\x00\x00\x4c\xd9\
\x00\x00\x01\xa0\xac\x0a\x1d\x64\
\x00\x00\x02\x22\x00\x00\x00\x00\x00\x01\x00\x00\x4e\x6d\
\x00\x00\x01\xa0\xac\x0a\x1d\x63\
\x00\x00\x02\x3c\x00\x00\x00\x00\x00\x01\x00\x00\x4f\xe7\
\x00\x00\x01\xa0\xac\x0a\x1d\x63\
\x00\x00\x02\x5c\x00\x00\x00\x00\x00\x01\x00\x00\x57\x88\
\x00\x00\x01\xa0\xac\x0a\x1d\x64\
\x00\x00\x02\x84\x00\x00\x00\x00\x00\x01\x00\x00\x5d\xd8\
\x00\x00\x01\xa0\xac\x0a\x1d\x63\
"

qt_version = [int(v) for v in QtCore.qVersion().split(".")]
if qt_version < [5, 8, 0]:
    rcc_version = 1
    qt_resource_struct = qt_resource_struct_v1
else:
    rcc_version = 2
    qt_resource_struct = qt_resource_struct_v2


def qInitResources():
    QtCore.qRegisterResourceData(
        rcc_version, qt_resource_struct, qt_resource_name, qt_resource_data
    )


def qCleanupResources():
    QtCore.qUnregisterResourceData(
        rcc_version, qt_resource_struct, qt_resource_name, qt_resource_data
    )


qInitResources()
